playername,team,maps_played,kills,deaths,hs_pct,adr,impact,rating
MERL,,5.0,0.25,16.16,,0.68,1.46,
donk,,70.0,0.02,14.93,,0.05,1.45,
kRyTouS,,6.0,0.23,15.12,,0.59,1.44,
Kinatie,,9.0,0.17,14.37,,0.4,1.43,
ZywOo,,85.0,0.02,13.57,,0.04,1.39,
bezymecc,,16.0,0.08,15.19,,0.22,1.37,
Natre,,8.0,0.16,17.3,,0.45,1.35,
yukitoro,,6.0,0.28,12.77,,0.61,1.33,
ped,,9.0,0.15,15.66,,0.39,1.33,
Arctic,,13.0,0.1,16.05,,0.26,1.32,
Wign,,16.0,0.08,19.41,,0.25,1.3,
obsward,,31.0,0.04,16.18,,0.12,1.3,
Python,,12.0,0.1,17.34,,0.3,1.28,
ZJFkingofking,,11.0,0.11,17.44,,0.33,1.28,
MahaR,,13.0,0.1,14.57,,0.25,1.28,
Pepo,,7.0,0.18,18.05,,0.56,1.27,
versa,,6.0,0.17,20.51,,0.6,1.27,
m0NESY,,87.0,0.02,16.32,,0.04,1.27,
PwnAlone,,11.0,0.12,16.54,,0.32,1.26,
mantuu,,8.0,0.16,14.71,,0.4,1.26,
cookie,,6.0,0.23,15.46,,0.6,1.26,
FenomeN,,118.0,0.01,14.33,,0.03,1.26,
slaxejezzz,,212.0,0.01,18.45,,0.02,1.25,
deko,,144.0,0.01,15.49,,0.02,1.25,
insani,,111.0,0.01,17.92,,0.03,1.25,
asap,,95.0,0.01,16.82,,0.04,1.25,
AEROj,,25.0,0.05,17.49,,0.15,1.25,
drac,,8.0,0.17,15.5,,0.43,1.24,
sl3nd,,42.0,0.03,14.22,,0.08,1.24,
k0gaSs,,9.0,0.12,20.64,,0.4,1.24,
blameF,,115.0,0.01,15.63,,0.03,1.24,
z4KR,,70.0,0.02,15.87,,0.05,1.24,
xseveN,,7.0,0.16,21.3,,0.57,1.23,
Vexite,,57.0,0.02,17.56,,0.06,1.23,
Fl1pper,,7.0,0.16,19.31,,0.51,1.23,
cruzN,,6.0,0.2,16.95,,0.56,1.23,
seberya,,5.0,0.26,20.16,,0.87,1.23,
Wolffe,,64.0,0.02,17.05,,0.06,1.22,
KmZ,,48.0,0.02,21.91,,0.08,1.22,
Ph1NNN,,15.0,0.07,20.73,,0.26,1.22,
tired73,,18.0,0.08,15.65,,0.2,1.22,
Koxa,,9.0,0.13,16.06,,0.36,1.22,
Magnojez,,138.0,0.01,18.75,,0.03,1.22,
kl1m,,111.0,0.01,15.68,,0.03,1.22,
SIXER,,17.0,0.08,16.14,,0.21,1.22,
fineshine52,,11.0,0.12,17.4,,0.34,1.22,
sen1ar,,6.0,0.22,16.28,,0.59,1.22,
jks,,57.0,0.02,16.99,,0.06,1.22,
JamYoung,,95.0,0.01,18.14,,0.04,1.21,
sliimey,,98.0,0.01,17.34,,0.04,1.21,
Bloody,,45.0,0.03,18.78,,0.08,1.21,
Ryxxo,,7.0,0.16,20.08,,0.53,1.21,
Ltz,,142.0,0.01,18.11,,0.03,1.21,
HSB,,10.0,0.12,16.78,,0.34,1.21,
Quality,,40.0,0.03,18.83,,0.09,1.21,
lattykk,,126.0,0.01,15.71,,0.03,1.21,
tomaszin,,95.0,0.01,18.3,,0.04,1.2,
HObbit,,48.0,0.03,17.86,,0.08,1.2,
kAAdory,,5.0,0.24,19.33,,0.77,1.2,
kobruh,,10.0,0.11,20.0,,0.38,1.2,
timid,,7.0,0.17,18.33,,0.53,1.2,
flameZ,,85.0,0.01,19.17,,0.04,1.2,
BeaKie,,70.0,0.02,17.44,,0.05,1.2,
St0m4k,,132.0,0.01,17.93,,0.03,1.2,
4sh0t,,7.0,0.17,15.77,,0.44,1.2,
svn,,10.0,0.12,20.78,,0.4,1.2,
metori,,5.0,0.21,22.06,,0.79,1.2,
aidKiT,,47.0,0.03,17.25,,0.08,1.2,
junior,,104.0,0.01,14.9,,0.03,1.2,
fuzenko,,74.0,0.02,19.2,,0.05,1.2,
syph0,,179.0,0.01,18.26,,0.02,1.2,
borosto,,15.0,0.08,20.97,,0.27,1.2,
h4rn,,90.0,0.01,16.71,,0.04,1.19,
m1kketye,,6.0,0.17,22.12,,0.64,1.19,
CacaNito,,34.0,0.03,19.05,,0.11,1.19,
chelleos,,80.0,0.02,16.64,,0.04,1.19,
Yuxz,,6.0,0.2,16.67,,0.55,1.19,
tried,,89.0,0.02,15.7,,0.04,1.19,
n0te,,90.0,0.01,20.02,,0.04,1.19,
luchov,,150.0,0.01,18.45,,0.02,1.19,
reNIK,,13.0,0.08,18.56,,0.26,1.19,
qqGOD,,50.0,0.02,18.12,,0.07,1.19,
nicoodoz,,100.0,0.01,16.86,,0.04,1.19,
Luken,,71.0,0.02,18.02,,0.05,1.19,
Ax1Le,,162.0,0.01,18.11,,0.02,1.19,
Senzu,,59.0,0.02,18.56,,0.06,1.19,
JBOEN,,95.0,0.01,17.31,,0.04,1.19,
dav1deuS,,112.0,0.01,18.56,,0.03,1.19,
w1se,,8.0,0.15,17.92,,0.45,1.19,
Myst,,13.0,0.09,18.57,,0.28,1.19,
rim3,,75.0,0.02,19.39,,0.05,1.19,
MaiL09,,130.0,0.01,18.07,,0.03,1.19,
hurtfrisk,,5.0,0.21,25.23,,0.91,1.19,
smooya,,36.0,0.04,15.87,,0.1,1.18,
Minor,,5.0,0.29,15.42,,0.75,1.18,
dwushka,,195.0,0.01,19.56,,0.02,1.18,
xelex,,195.0,0.01,19.12,,0.02,1.18,
Zucar,,85.0,0.01,21.02,,0.04,1.18,
wetfy,,59.0,0.02,15.39,,0.06,1.18,
dare,,15.0,0.08,17.41,,0.23,1.18,
Liazz,,92.0,0.01,17.25,,0.04,1.18,
neozix,,28.0,0.04,18.25,,0.12,1.18,
frozen,,84.0,0.01,18.89,,0.04,1.18,
kurosa,,23.0,0.05,18.59,,0.16,1.18,
dgt,,150.0,0.01,16.98,,0.02,1.18,
Zephyor,,5.0,0.21,21.5,,0.77,1.18,
hazza,,10.0,0.11,21.71,,0.38,1.18,
Griller,,9.0,0.12,21.05,,0.41,1.18,
MaSvAl,,117.0,0.01,19.93,,0.03,1.17,
sh1ro,,70.0,0.02,14.22,,0.05,1.17,
nqz,,64.0,0.02,17.35,,0.06,1.17,
ICY,,78.0,0.02,15.42,,0.05,1.17,
tenzy,,117.0,0.01,19.58,,0.03,1.17,
kyousuke,,77.0,0.01,20.16,,0.05,1.17,
adamb,,52.0,0.02,19.61,,0.07,1.17,
Chucky,,202.0,0.01,16.22,,0.02,1.17,
MarKE,,12.0,0.1,15.84,,0.27,1.17,
dumau,,109.0,0.01,17.86,,0.03,1.17,
aliStair,,92.0,0.01,16.07,,0.04,1.17,
Dis1,,9.0,0.12,19.15,,0.38,1.17,
poiii,,104.0,0.01,18.73,,0.03,1.17,
ckzao,,142.0,0.01,18.87,,0.02,1.17,
OneUn1que,,128.0,0.01,18.96,,0.03,1.17,
Dirty,,14.0,0.08,17.92,,0.24,1.17,
Porya,,6.0,0.22,17.93,,0.66,1.17,
Alv,,230.0,0.01,16.42,,0.02,1.17,
Tamefear,,28.0,0.04,18.47,,0.13,1.17,
C0C0,,53.0,0.02,19.03,,0.07,1.17,
nesh,,12.0,0.09,19.25,,0.3,1.16,
n0rb3r7,,138.0,0.01,20.13,,0.03,1.16,
makazze,,100.0,0.01,19.74,,0.04,1.16,
xeNji,,13.0,0.1,17.9,,0.29,1.16,
eveN,,5.0,0.23,19.83,,0.77,1.16,
H0NeST,,85.0,0.01,19.3,,0.04,1.16,
sml,,55.0,0.02,16.43,,0.06,1.16,
suki,,66.0,0.02,19.32,,0.06,1.16,
Frip,,80.0,0.01,20.83,,0.05,1.16,
z1ayr,,6.0,0.22,14.79,,0.55,1.16,
bks,,10.0,0.12,17.44,,0.34,1.16,
AlekS,,87.0,0.01,19.2,,0.04,1.16,
KSCERATO,,97.0,0.01,18.57,,0.04,1.16,
HexT,,90.0,0.01,18.49,,0.04,1.16,
Paranormal,,55.0,0.02,20.16,,0.07,1.16,
MartinezSa,,106.0,0.01,16.97,,0.04,1.16,
miL4nNN,,9.0,0.15,15.99,,0.39,1.16,
jocab,,169.0,0.01,17.56,,0.02,1.16,
Raijin,,141.0,0.01,18.95,,0.03,1.16,
mizu,,138.0,0.01,19.06,,0.03,1.16,
b1elany,,138.0,0.01,19.8,,0.03,1.16,
cJ dA K1nG,,70.0,0.02,20.61,,0.05,1.16,
SEMSYS,,20.0,0.05,20.63,,0.18,1.16,
la3euka,,5.0,0.19,23.12,,0.75,1.16,
eraa,,130.0,0.01,16.3,,0.03,1.16,
REDSTAR,,82.0,0.02,16.89,,0.04,1.16,
Staehr,,98.0,0.01,19.44,,0.04,1.15,
f1R,,19.0,0.06,18.95,,0.19,1.15,
h1glaiN,,16.0,0.07,18.97,,0.23,1.15,
Zesta,,76.0,0.01,20.22,,0.05,1.15,
JTrops,,5.0,0.22,15.93,,0.58,1.15,
L1seYoung,,42.0,0.03,20.02,,0.09,1.15,
false,,6.0,0.18,19.21,,0.56,1.15,
dottie,,33.0,0.03,19.67,,0.11,1.15,
xKacpersky,,91.0,0.01,20.1,,0.04,1.15,
m1N1,,63.0,0.02,15.47,,0.06,1.15,
swiz,,169.0,0.01,19.93,,0.02,1.15,
jottAAA,,107.0,0.01,19.68,,0.03,1.15,
REZ,,100.0,0.01,19.75,,0.04,1.15,
latto,,109.0,0.01,18.01,,0.03,1.15,
consti,,134.0,0.01,15.78,,0.03,1.15,
afro,,84.0,0.01,18.12,,0.04,1.15,
tAk,,92.0,0.01,19.37,,0.04,1.15,
Johan,,41.0,0.03,19.99,,0.09,1.15,
BOROS,,43.0,0.02,20.54,,0.09,1.15,
SaMsInG,,6.0,0.18,18.81,,0.57,1.15,
flouzer,,174.0,0.01,19.95,,0.02,1.15,
atarax1a,,130.0,0.01,17.37,,0.03,1.15,
mhL,,99.0,0.01,16.76,,0.04,1.15,
Slugy,,25.0,0.04,20.81,,0.15,1.15,
Sn0w,,63.0,0.02,19.33,,0.06,1.15,
tom1jed,,123.0,0.01,19.69,,0.03,1.15,
tikuak,,105.0,0.01,19.94,,0.03,1.15,
Grizz,,123.0,0.01,19.59,,0.03,1.15,
jason,,8.0,0.13,24.64,,0.55,1.14,
ArtFr0st,,137.0,0.01,15.5,,0.03,1.14,
xertioN,,88.0,0.01,19.24,,0.04,1.14,
Pose1doNN,,92.0,0.01,17.9,,0.04,1.14,
k0s,,167.0,0.01,18.77,,0.02,1.14,
ct0m,,166.0,0.01,19.31,,0.02,1.14,
pepe,,143.0,0.01,18.34,,0.02,1.14,
nordin,,8.0,0.13,20.08,,0.44,1.14,
r3salt,,124.0,0.01,19.85,,0.03,1.14,
GrEnNiE,,13.0,0.08,21.44,,0.29,1.14,
HeavyGod,,115.0,0.01,19.5,,0.03,1.14,
ex1st,,143.0,0.01,20.41,,0.03,1.14,
decenty,,100.0,0.01,19.05,,0.04,1.14,
device,,104.0,0.01,16.68,,0.03,1.14,
Polbandana,,44.0,0.03,19.38,,0.08,1.14,
adamS,,139.0,0.01,18.24,,0.03,1.14,
Jun7,,35.0,0.03,21.08,,0.1,1.14,
molodoy,,97.0,0.01,17.39,,0.04,1.14,
ropz,,85.0,0.01,17.2,,0.04,1.14,
HUASOPEEK,,150.0,0.01,19.29,,0.02,1.14,
karnez,,186.0,0.01,19.93,,0.02,1.14,
meetyoxanaji,,52.0,0.02,20.95,,0.07,1.14,
glowiing,,102.0,0.01,19.31,,0.03,1.14,
TRAVIS,,190.0,0.01,19.57,,0.02,1.14,
ChildKing,,18.0,0.06,22.17,,0.22,1.14,
Westmelon,,70.0,0.02,20.24,,0.05,1.14,
jambo,,114.0,0.01,18.47,,0.03,1.14,
nilo,,97.0,0.01,17.74,,0.04,1.14,
Sharpie,,19.0,0.05,22.22,,0.18,1.14,
Alisson,,168.0,0.01,17.12,,0.02,1.14,
MagnumZ,,66.0,0.02,18.31,,0.06,1.14,
tommy,,28.0,0.04,17.5,,0.13,1.14,
EmAa,,5.0,0.2,19.8,,0.68,1.14,
Jeorge,,127.0,0.01,18.78,,0.03,1.14,
Texta,,53.0,0.02,18.08,,0.06,1.14,
z3ndeR,,19.0,0.06,16.45,,0.17,1.14,
DEPRESHN,,99.0,0.01,17.22,,0.04,1.14,
zede,,91.0,0.01,19.5,,0.04,1.14,
Djon8,,189.0,0.01,19.37,,0.02,1.14,
r1verLaKe,,14.0,0.08,18.66,,0.27,1.14,
gump,,73.0,0.01,20.09,,0.05,1.14,
MiQ,,67.0,0.02,19.72,,0.06,1.14,
nEMANHA,,155.0,0.01,20.95,,0.02,1.14,
sk0R,,93.0,0.01,18.79,,0.04,1.14,
JDC,,113.0,0.01,19.32,,0.03,1.14,
fokiu,,22.0,0.05,21.63,,0.17,1.13,
executor,,126.0,0.01,19.54,,0.03,1.13,
blood,,19.0,0.06,18.25,,0.18,1.13,
Slash,,5.0,0.2,24.55,,0.83,1.13,
Rainwaker,,84.0,0.01,20.31,,0.04,1.13,
sunshinez,,9.0,0.12,18.38,,0.37,1.13,
Starry,,70.0,0.02,18.85,,0.05,1.13,
s1mple,,51.0,0.02,17.19,,0.07,1.13,
gr1ks,,115.0,0.01,16.23,,0.03,1.13,
Tender,,15.0,0.07,17.76,,0.21,1.13,
REKMEISTER,,68.0,0.02,19.35,,0.05,1.13,
k1slll,,128.0,0.01,19.64,,0.03,1.13,
ToM223,,32.0,0.04,19.42,,0.11,1.13,
WUMBO,,69.0,0.02,19.36,,0.05,1.13,
qw1nk1,,152.0,0.01,20.85,,0.02,1.13,
Dant1k,,9.0,0.11,22.55,,0.43,1.13,
z1Nny,,126.0,0.01,20.66,,0.03,1.13,
FAZERY,,17.0,0.06,18.1,,0.19,1.13,
Lewis,,40.0,0.03,20.58,,0.09,1.13,
KAD1M,,91.0,0.01,18.97,,0.04,1.13,
gbb,,137.0,0.01,19.87,,0.03,1.13,
rallen,,30.0,0.04,19.7,,0.12,1.13,
suonko,,107.0,0.01,20.48,,0.03,1.13,
zmb,,171.0,0.01,19.41,,0.02,1.13,
Dawy,,108.0,0.01,20.58,,0.03,1.13,
Kaide,,193.0,0.01,20.51,,0.02,1.13,
jackasmo,,114.0,0.01,20.17,,0.03,1.13,
r3kt,,78.0,0.02,16.89,,0.04,1.13,
Ne1XXX,,49.0,0.02,21.55,,0.08,1.13,
PokemoN,,68.0,0.02,21.3,,0.05,1.13,
Nico,,6.0,0.17,21.17,,0.59,1.13,
finW,,128.0,0.01,18.76,,0.03,1.13,
oskar,,47.0,0.03,17.75,,0.08,1.13,
kalyambys,,18.0,0.06,21.15,,0.21,1.13,
f3tje,,39.0,0.03,19.54,,0.09,1.13,
sleepz0rk,,12.0,0.09,20.15,,0.29,1.12,
Uzman,,27.0,0.04,19.45,,0.14,1.12,
ProKiller,,43.0,0.03,19.73,,0.08,1.12,
Lake,,112.0,0.01,20.28,,0.03,1.12,
hahanz0,,68.0,0.02,21.57,,0.05,1.12,
Lapa,,5.0,0.17,23.72,,0.69,1.12,
synyx,,141.0,0.01,19.64,,0.03,1.12,
b1t,,100.0,0.01,19.03,,0.04,1.12,
cmrn,,72.0,0.01,20.17,,0.05,1.12,
predict,,10.0,0.1,19.62,,0.34,1.12,
teme,,136.0,0.01,18.83,,0.03,1.12,
CrePoW,,87.0,0.01,21.36,,0.04,1.12,
koala,,123.0,0.01,18.38,,0.03,1.12,
Jynx,,71.0,0.02,19.57,,0.05,1.12,
mir,,15.0,0.07,22.38,,0.26,1.12,
Markoś,,221.0,0.01,17.42,,0.02,1.12,
Wicadia,,98.0,0.01,19.79,,0.04,1.12,
starmie,,36.0,0.03,19.71,,0.11,1.12,
draken,,57.0,0.02,16.83,,0.06,1.12,
youka,,82.0,0.01,18.29,,0.04,1.12,
FL4MUS,,72.0,0.02,18.89,,0.05,1.12,
Moseyuh,,95.0,0.01,18.62,,0.04,1.12,
Burmylov,,150.0,0.01,18.16,,0.02,1.12,
Banjo,,94.0,0.01,20.54,,0.04,1.12,
Junyme,,82.0,0.01,18.85,,0.05,1.12,
StreakN,,14.0,0.07,23.05,,0.27,1.12,
demente,,86.0,0.01,20.06,,0.04,1.12,
xeedo,,152.0,0.01,20.45,,0.02,1.12,
jnt,,11.0,0.11,17.5,,0.32,1.12,
cool4st,,84.0,0.01,19.21,,0.04,1.12,
Jee,,95.0,0.01,17.11,,0.04,1.12,
nafany,,153.0,0.01,20.02,,0.02,1.12,
aZe,,19.0,0.06,18.65,,0.19,1.12,
w0nderful,,100.0,0.01,16.63,,0.04,1.12,
Woro2k,,112.0,0.01,17.87,,0.03,1.12,
nut nut,,98.0,0.01,20.36,,0.04,1.12,
maxster,,101.0,0.01,19.07,,0.04,1.12,
smekk,,85.0,0.01,20.95,,0.04,1.12,
Matheos,,99.0,0.01,20.09,,0.04,1.12,
leakz,,109.0,0.01,20.12,,0.03,1.12,
Drop,,68.0,0.02,19.91,,0.05,1.11,
arlli,,9.0,0.09,22.77,,0.34,1.11,
naz,,123.0,0.01,20.64,,0.03,1.11,
nettik,,57.0,0.02,19.69,,0.06,1.11,
ju1ces,,80.0,0.01,18.57,,0.04,1.11,
TorNEX,,15.0,0.07,18.7,,0.23,1.11,
N1ghtraid,,71.0,0.02,19.06,,0.05,1.11,
detr0ittJ,,129.0,0.01,17.57,,0.03,1.11,
xia,,13.0,0.08,19.34,,0.26,1.11,
dangeR,,70.0,0.02,19.61,,0.05,1.11,
snav,,137.0,0.01,18.85,,0.02,1.11,
m4nse,,7.0,0.14,22.29,,0.53,1.11,
flayy,,110.0,0.01,18.07,,0.03,1.11,
zorte,,142.0,0.01,16.12,,0.02,1.11,
svemyy,,18.0,0.06,19.67,,0.2,1.11,
Kylar,,178.0,0.01,20.85,,0.02,1.11,
HeCkBNk,,148.0,0.01,20.03,,0.02,1.11,
stavn,,28.0,0.05,17.09,,0.13,1.11,
guty,,103.0,0.01,19.43,,0.03,1.11,
nitzie,,55.0,0.02,18.71,,0.07,1.11,
ADDICT,,68.0,0.02,20.11,,0.05,1.11,
NertZ,,92.0,0.01,20.09,,0.04,1.11,
ayaneuu,,61.0,0.02,20.66,,0.06,1.11,
XANTARES,,98.0,0.01,19.97,,0.04,1.11,
Swisher,,112.0,0.01,20.09,,0.03,1.11,
Infinite,,109.0,0.01,19.28,,0.03,1.11,
Rkzinho,,74.0,0.01,19.19,,0.05,1.11,
Zyphon,,51.0,0.02,19.53,,0.07,1.11,
SLIGHT,,74.0,0.02,17.61,,0.05,1.11,
spooke,,52.0,0.02,20.89,,0.07,1.11,
gtw,,9.0,0.12,18.79,,0.39,1.11,
hallzerk,,25.0,0.05,16.07,,0.13,1.11,
npl,,102.0,0.01,20.12,,0.04,1.11,
Pol0,,35.0,0.03,22.57,,0.11,1.11,
guidimon,,64.0,0.02,17.9,,0.05,1.11,
danss,,20.0,0.05,19.86,,0.18,1.11,
slaxz-,,112.0,0.01,16.98,,0.03,1.11,
rage,,66.0,0.02,21.01,,0.06,1.11,
tsutskam,,5.0,0.2,19.39,,0.64,1.11,
bexyz,,11.0,0.1,20.39,,0.33,1.11,
ogwizard,,84.0,0.02,15.78,,0.04,1.11,
d1Ledez,,103.0,0.01,20.07,,0.04,1.11,
killerPandas,,41.0,0.03,19.99,,0.09,1.11,
NEUZ,,57.0,0.02,20.83,,0.06,1.11,
b1st,,49.0,0.02,19.78,,0.08,1.11,
clax,,74.0,0.01,19.14,,0.05,1.11,
icytears,,5.0,0.23,20.88,,0.79,1.11,
pauliiee,,18.0,0.06,20.86,,0.21,1.1,
XiMaa,,24.0,0.04,19.72,,0.14,1.1,
Marek,,7.0,0.14,21.95,,0.51,1.1,
regali,,38.0,0.03,19.25,,0.1,1.1,
adex,,31.0,0.04,18.44,,0.11,1.1,
Satan,,6.0,0.17,20.96,,0.59,1.1,
Sdaim,,179.0,0.01,21.51,,0.02,1.1,
maaxg1,,85.0,0.01,20.47,,0.04,1.1,
br0,,84.0,0.01,20.93,,0.04,1.1,
jresy,,7.0,0.13,21.82,,0.48,1.1,
5 Star,,16.0,0.07,20.16,,0.24,1.1,
ALLE,,52.0,0.02,20.15,,0.07,1.1,
ka1do,,19.0,0.07,17.29,,0.19,1.1,
dziugss,,101.0,0.01,20.34,,0.04,1.1,
1NSERT2,,16.0,0.06,22.98,,0.25,1.1,
j3kie,,125.0,0.01,20.4,,0.03,1.1,
kmrn,,130.0,0.01,19.47,,0.03,1.1,
fakzwall,,26.0,0.05,17.33,,0.13,1.1,
Laykinn,,35.0,0.03,20.76,,0.1,1.1,
Plain7,,11.0,0.09,20.04,,0.3,1.1,
Tuurtle,,93.0,0.01,19.04,,0.04,1.1,
TriBorgg1,,97.0,0.01,21.81,,0.04,1.1,
Marro,,44.0,0.03,19.09,,0.08,1.1,
abiraju,,212.0,0.0,21.29,,0.02,1.1,
kade0,,110.0,0.01,19.9,,0.03,1.1,
xdENiSZERA,,10.0,0.1,19.52,,0.34,1.1,
Mokuj1n,,102.0,0.01,19.49,,0.03,1.1,
NaYz,,42.0,0.03,19.3,,0.09,1.1,
khaN,,179.0,0.01,17.66,,0.02,1.1,
Miami,,55.0,0.02,21.25,,0.07,1.1,
try,,96.0,0.01,18.58,,0.04,1.1,
doc,,123.0,0.01,20.11,,0.03,1.1,
Aldikon,,53.0,0.02,18.16,,0.07,1.1,
Darendeli,,91.0,0.01,21.57,,0.04,1.1,
z1k4,,174.0,0.01,18.12,,0.02,1.1,
Twistzz,,84.0,0.01,20.93,,0.04,1.1,
sL1m3,,70.0,0.02,17.96,,0.05,1.1,
fejtZ,,27.0,0.04,20.94,,0.14,1.1,
rinji,,6.0,0.21,16.67,,0.59,1.1,
Bwills,,74.0,0.01,19.83,,0.05,1.1,
lauNX,,96.0,0.01,20.93,,0.04,1.1,
Libra,,11.0,0.09,19.49,,0.31,1.1,
crickeyyy,,5.0,0.22,17.12,,0.64,1.1,
MagiC,,5.0,0.2,20.0,,0.68,1.1,
NiKo,,87.0,0.01,20.85,,0.04,1.1,
dvrk,,85.0,0.01,20.06,,0.04,1.1,
3gl,,46.0,0.03,17.34,,0.08,1.1,
mo0N,,102.0,0.01,18.28,,0.04,1.1,
ATLAS,,5.0,0.18,23.11,,0.7,1.1,
proSHOW,,29.0,0.04,17.77,,0.12,1.1,
MATYS,,115.0,0.01,20.42,,0.03,1.1,
7Kick,,158.0,0.01,18.75,,0.02,1.1,
Umar,,60.0,0.02,21.06,,0.07,1.1,
Goody,,100.0,0.01,20.32,,0.04,1.1,
Zana,,6.0,0.17,18.81,,0.53,1.1,
Frazehh,,62.0,0.02,19.56,,0.06,1.1,
lash,,143.0,0.01,17.66,,0.02,1.1,
avid,,130.0,0.01,20.65,,0.03,1.1,
me1o,,46.0,0.02,22.13,,0.08,1.1,
sstiNiX,,122.0,0.01,20.85,,0.03,1.1,
turbo,,14.0,0.09,17.24,,0.25,1.1,
Zoker,,51.0,0.02,19.73,,0.07,1.1,
flixxy,,11.0,0.09,21.76,,0.31,1.1,
dycha,,102.0,0.01,21.22,,0.04,1.1,
story,,57.0,0.02,16.33,,0.06,1.1,
jabbi,,98.0,0.01,20.19,,0.04,1.1,
noway,,117.0,0.01,20.42,,0.03,1.1,
delkud,,27.0,0.04,20.93,,0.13,1.1,
eightz999,,212.0,0.01,19.42,,0.02,1.09,
DSSj,,141.0,0.01,18.15,,0.03,1.09,
xm1nd,,158.0,0.01,18.08,,0.02,1.09,
keen,,80.0,0.01,18.34,,0.04,1.09,
ksloks,,122.0,0.01,19.2,,0.03,1.09,
Ryujin,,141.0,0.01,20.19,,0.03,1.09,
wEAVER,,16.0,0.06,20.57,,0.22,1.09,
Grim,,75.0,0.01,19.88,,0.05,1.09,
lov1kus,,160.0,0.01,19.86,,0.02,1.09,
OWNER,,115.0,0.01,20.79,,0.03,1.09,
adeX,,79.0,0.01,19.09,,0.05,1.09,
Viresse,,9.0,0.12,19.77,,0.38,1.09,
Rhyza,,11.0,0.11,19.44,,0.34,1.09,
pleynnn,,75.0,0.01,20.53,,0.05,1.09,
D1ntrIXxX,,6.0,0.15,23.79,,0.59,1.09,
SpavaQu,,55.0,0.02,19.06,,0.06,1.09,
TH0R,,87.0,0.01,18.04,,0.04,1.09,
Dexter,,9.0,0.13,17.08,,0.39,1.09,
Netrix,,9.0,0.1,23.05,,0.4,1.09,
GGVasya,,7.0,0.13,17.52,,0.39,1.09,
Crisp,,68.0,0.02,18.82,,0.05,1.09,
nawwk,,134.0,0.01,16.36,,0.03,1.09,
buda,,95.0,0.01,21.2,,0.04,1.09,
r0se,,9.0,0.11,23.22,,0.43,1.09,
ABM,,89.0,0.01,21.83,,0.04,1.09,
olimp,,142.0,0.01,22.14,,0.03,1.09,
sirah,,106.0,0.01,19.39,,0.03,1.09,
CoolComs,,92.0,0.01,22.37,,0.04,1.09,
history,,88.0,0.01,18.04,,0.04,1.09,
Andrew,,62.0,0.02,18.39,,0.06,1.09,
lenci,,96.0,0.01,18.85,,0.04,1.09,
zweih,,100.0,0.01,22.18,,0.04,1.09,
m1QUSE,,170.0,0.01,20.68,,0.02,1.09,
newt,,49.0,0.02,22.63,,0.08,1.09,
Lcs,,48.0,0.02,18.06,,0.07,1.09,
brutmonster,,205.0,0.01,18.67,,0.02,1.09,
Spinx,,88.0,0.01,19.24,,0.04,1.09,
s0und,,43.0,0.02,20.54,,0.08,1.09,
Kind0,,202.0,0.01,19.53,,0.02,1.09,
MoWeL,,5.0,0.19,22.89,,0.75,1.09,
pancc,,29.0,0.04,20.05,,0.12,1.09,
chayJESUS,,102.0,0.01,20.15,,0.04,1.09,
forsyy,,107.0,0.01,17.84,,0.03,1.09,
MoDo,,110.0,0.01,17.85,,0.03,1.09,
kaiori,,49.0,0.03,18.4,,0.08,1.09,
feNcy,,7.0,0.15,22.09,,0.57,1.09,
Vej,,91.0,0.01,19.7,,0.04,1.09,
SquEzxc,,72.0,0.02,19.39,,0.05,1.09,
mopoz,,106.0,0.01,22.45,,0.04,1.09,
X1RON,,9.0,0.14,17.66,,0.43,1.09,
v1spel,,13.0,0.09,17.79,,0.26,1.09,
Philipek,,5.0,0.18,22.17,,0.69,1.09,
v1w,,40.0,0.03,20.97,,0.09,1.09,
Cryptic,,98.0,0.01,21.53,,0.04,1.09,
Pihl,,6.0,0.15,23.3,,0.57,1.09,
Zanto,,130.0,0.01,22.33,,0.03,1.09,
roxesz,,33.0,0.04,16.9,,0.11,1.09,
Forester,,183.0,0.01,19.83,,0.02,1.09,
fame,,43.0,0.02,20.27,,0.08,1.09,
ivz,,123.0,0.01,18.98,,0.03,1.09,
allu,,51.0,0.02,19.94,,0.07,1.09,
MRcreed,,27.0,0.04,23.19,,0.14,1.09,
Trash,,46.0,0.02,20.63,,0.08,1.09,
WolfY,,103.0,0.01,18.0,,0.03,1.09,
stressarN,,108.0,0.01,20.38,,0.04,1.08,
oopee,,158.0,0.01,21.09,,0.02,1.08,
Demho,,125.0,0.01,20.26,,0.03,1.08,
bladee,,9.0,0.13,16.91,,0.36,1.08,
sausol,,106.0,0.01,20.39,,0.04,1.08,
Jotag3,,71.0,0.02,19.36,,0.05,1.08,
wh1teout,,5.0,0.21,25.0,,0.87,1.08,
BiBiAhn,,34.0,0.03,22.0,,0.1,1.08,
TORITO,,18.0,0.05,20.73,,0.18,1.08,
r1nkle,,63.0,0.02,18.64,,0.06,1.08,
Revol,,24.0,0.04,20.71,,0.14,1.08,
VLDN,,19.0,0.05,21.11,,0.19,1.08,
SHOGU,,16.0,0.06,22.46,,0.21,1.08,
brawckzz,,12.0,0.09,19.42,,0.29,1.08,
Jardani,,12.0,0.08,21.51,,0.3,1.08,
sowalio,,179.0,0.01,20.16,,0.02,1.08,
irbitka,,13.0,0.07,20.54,,0.26,1.08,
shane,,76.0,0.01,20.25,,0.05,1.08,
oz1k,,126.0,0.01,21.31,,0.03,1.08,
marTineZ,,27.0,0.03,25.44,,0.14,1.08,
KalubeR,,161.0,0.01,20.12,,0.02,1.08,
Jame,,100.0,0.01,18.85,,0.04,1.08,
NickyB,,109.0,0.01,21.5,,0.03,1.08,
ADntZ,,22.0,0.05,21.47,,0.17,1.08,
n1Xen,,158.0,0.01,19.36,,0.02,1.08,
Alkaren,,14.0,0.08,20.09,,0.28,1.08,
Corazz,,11.0,0.1,20.34,,0.33,1.08,
relaxxie,,210.0,0.0,21.1,,0.02,1.08,
vinhy,,73.0,0.01,21.47,,0.05,1.08,
INS,,57.0,0.02,20.46,,0.06,1.08,
anber,,131.0,0.01,22.14,,0.03,1.08,
cass1n,,95.0,0.01,17.69,,0.04,1.08,
deb0,,45.0,0.02,21.69,,0.08,1.08,
Zero,,95.0,0.01,20.63,,0.04,1.08,
8Juho8,,150.0,0.01,22.45,,0.03,1.08,
rzk,,68.0,0.01,22.24,,0.05,1.08,
yAmi,,31.0,0.04,19.36,,0.12,1.08,
szejn,,120.0,0.01,22.69,,0.03,1.08,
Katkame,,8.0,0.14,16.77,,0.4,1.08,
arTisT,,127.0,0.01,18.34,,0.03,1.08,
damyo,,74.0,0.01,19.72,,0.05,1.08,
malinov,,40.0,0.03,20.66,,0.09,1.08,
hoolig4n,,68.0,0.02,19.61,,0.05,1.08,
LgAAA,,10.0,0.11,20.46,,0.37,1.08,
Schwarz,,136.0,0.01,20.48,,0.03,1.08,
Caleyy,,122.0,0.01,19.85,,0.03,1.08,
1mpact,,6.0,0.19,18.66,,0.61,1.08,
darko,,14.0,0.09,17.32,,0.25,1.08,
yourwombat,,19.0,0.06,18.46,,0.18,1.08,
pr,,54.0,0.02,21.27,,0.07,1.08,
xfl0ud,,97.0,0.01,21.32,,0.04,1.08,
Tatu,,115.0,0.01,20.37,,0.03,1.08,
c4put,,13.0,0.08,20.71,,0.28,1.08,
Cjoffo,,214.0,0.0,19.89,,0.02,1.08,
Botpa1,,175.0,0.01,21.93,,0.02,1.08,
mini,,11.0,0.1,19.19,,0.32,1.08,
electroNic,,51.0,0.02,20.19,,0.07,1.08,
EmiliaQAQ,,70.0,0.02,21.01,,0.05,1.08,
HENU,,67.0,0.02,20.23,,0.05,1.08,
L1haNg,,83.0,0.01,21.34,,0.04,1.08,
lucas222,,20.0,0.06,18.36,,0.17,1.08,
gehji,,49.0,0.02,21.76,,0.08,1.08,
Dili,,9.0,0.1,24.49,,0.43,1.08,
0SAMAS,,69.0,0.02,20.33,,0.05,1.07,
ta9z,,41.0,0.03,21.41,,0.09,1.07,
tele,,97.0,0.01,20.93,,0.04,1.07,
Jorko,,94.0,0.01,18.77,,0.04,1.07,
djay,,130.0,0.01,20.21,,0.03,1.07,
reiko,,135.0,0.01,21.58,,0.03,1.07,
phoebe,,6.0,0.16,22.81,,0.61,1.07,
kralle,,162.0,0.01,23.79,,0.02,1.07,
tomate,,137.0,0.01,20.25,,0.03,1.07,
nin9,,93.0,0.01,18.96,,0.04,1.07,
Magic,,93.0,0.01,19.3,,0.04,1.07,
podi,,42.0,0.03,17.85,,0.09,1.07,
cronuss,,126.0,0.01,21.52,,0.03,1.07,
rud,,93.0,0.01,19.47,,0.04,1.07,
R0b3n,,6.0,0.18,19.42,,0.59,1.07,
2high,,58.0,0.02,20.56,,0.06,1.07,
Cxzi,,122.0,0.01,21.63,,0.03,1.07,
DGL,,60.0,0.02,18.81,,0.06,1.07,
f4stzin,,65.0,0.02,20.58,,0.06,1.07,
F1KU,,56.0,0.02,21.32,,0.06,1.07,
Due1yant,,90.0,0.01,22.95,,0.04,1.07,
xsepower,,20.0,0.06,18.01,,0.18,1.07,
Luck,,5.0,0.22,22.14,,0.83,1.07,
sinnopsyy,,69.0,0.01,21.13,,0.05,1.07,
Pleb0rs,,15.0,0.06,21.7,,0.23,1.07,
M1key,,139.0,0.01,19.97,,0.03,1.07,
zemix,,40.0,0.02,24.3,,0.09,1.07,
lukiz,,40.0,0.03,20.63,,0.09,1.07,
SasukeQO,,20.0,0.05,24.21,,0.19,1.07,
kwezz,,130.0,0.01,21.45,,0.03,1.07,
fluffy,,130.0,0.01,18.41,,0.03,1.07,
kisserek,,110.0,0.01,22.23,,0.03,1.07,
tex1y,,179.0,0.01,21.1,,0.02,1.07,
ayuki,,174.0,0.01,20.71,,0.02,1.07,
FL1T,,23.0,0.05,19.36,,0.16,1.07,
smith,,39.0,0.03,23.62,,0.1,1.07,
Miszary,,41.0,0.02,22.0,,0.09,1.07,
rainny,,41.0,0.02,22.69,,0.09,1.07,
Ag1l,,104.0,0.01,19.59,,0.03,1.07,
frontales,,114.0,0.01,18.47,,0.03,1.07,
emzijs,,17.0,0.06,26.0,,0.26,1.07,
marat2k,,96.0,0.01,20.45,,0.04,1.07,
balencyy,,33.0,0.03,21.68,,0.11,1.07,
xerolte,,93.0,0.01,20.96,,0.04,1.07,
titulus,,98.0,0.01,22.74,,0.04,1.07,
doni,,97.0,0.01,22.24,,0.04,1.07,
PR,,89.0,0.01,20.68,,0.04,1.07,
saadzin,,109.0,0.01,17.57,,0.03,1.07,
Moopy,,5.0,0.2,19.01,,0.64,1.07,
OXFROG,,17.0,0.06,27.66,,0.26,1.07,
BoZZo,,5.0,0.18,24.72,,0.74,1.07,
iM,,100.0,0.01,20.31,,0.04,1.07,
freshie,,84.0,0.01,20.11,,0.04,1.07,
SaMey,,142.0,0.01,18.74,,0.03,1.07,
supra,,83.0,0.01,21.41,,0.04,1.07,
mwlky,,113.0,0.01,20.21,,0.03,1.07,
clon7,,99.0,0.01,20.53,,0.04,1.07,
spinnie,,78.0,0.01,22.31,,0.05,1.07,
tN1R,,70.0,0.02,19.72,,0.05,1.07,
KAISER,,160.0,0.01,17.9,,0.02,1.07,
maQuein,,67.0,0.02,18.1,,0.05,1.07,
Shad0w,,14.0,0.07,22.9,,0.27,1.07,
m3wsu,,149.0,0.01,20.47,,0.02,1.07,
KaiR0N-,,179.0,0.01,20.83,,0.02,1.07,
grecu,,44.0,0.02,19.87,,0.08,1.07,
phzy,,98.0,0.01,18.74,,0.04,1.07,
dea,,52.0,0.02,17.89,,0.07,1.07,
4ever,,16.0,0.06,23.38,,0.24,1.07,
tomiko,,122.0,0.01,20.99,,0.03,1.07,
BledarD,,151.0,0.01,18.78,,0.02,1.07,
Qlocuu,,147.0,0.01,21.5,,0.03,1.07,
jeyN,,17.0,0.06,21.41,,0.21,1.07,
t9rnay,,60.0,0.02,19.98,,0.06,1.07,
hypex,,100.0,0.01,18.72,,0.04,1.07,
febreeze,,21.0,0.05,22.51,,0.17,1.07,
dpr,,83.0,0.01,20.18,,0.04,1.06,
ghosT1,,22.0,0.04,20.29,,0.15,1.06,
ammar,,151.0,0.01,20.82,,0.02,1.06,
Goofy,,30.0,0.03,21.65,,0.12,1.06,
hf,,44.0,0.03,19.45,,0.08,1.06,
Krabeni,,101.0,0.01,20.92,,0.04,1.06,
Mercury,,95.0,0.01,20.04,,0.04,1.06,
diozera,,101.0,0.01,19.99,,0.04,1.06,
KRIMZ,,114.0,0.01,21.34,,0.03,1.06,
lan,,55.0,0.02,19.54,,0.07,1.06,
XELLOW,,66.0,0.02,19.53,,0.05,1.06,
KIRO,,125.0,0.01,19.55,,0.03,1.06,
Joey,,138.0,0.01,21.42,,0.03,1.06,
Hikomi,,7.0,0.15,18.68,,0.47,1.06,
Brilliance,,83.0,0.01,21.63,,0.04,1.06,
whisper,,33.0,0.03,20.25,,0.1,1.06,
b0denmaster,,49.0,0.02,20.0,,0.08,1.06,
Marix,,162.0,0.01,21.09,,0.02,1.06,
Ckanic,,75.0,0.01,20.28,,0.05,1.06,
gxx-,,134.0,0.01,18.72,,0.03,1.06,
misutaaa,,142.0,0.01,21.7,,0.03,1.06,
Sandman,,130.0,0.01,20.4,,0.03,1.06,
abizz,,123.0,0.01,21.47,,0.03,1.06,
Lucky,,103.0,0.01,20.57,,0.03,1.06,
naitte,,125.0,0.01,20.67,,0.03,1.06,
Razzmo,,21.0,0.05,21.13,,0.17,1.06,
grape,,93.0,0.01,21.68,,0.04,1.06,
wasian,,8.0,0.12,19.35,,0.38,1.06,
dem0n,,101.0,0.01,21.33,,0.04,1.06,
tuxa,,51.0,0.02,20.52,,0.07,1.06,
KusMe,,82.0,0.01,24.17,,0.05,1.06,
njaz,,8.0,0.13,20.67,,0.45,1.06,
adai,,175.0,0.01,21.27,,0.02,1.06,
HS,,19.0,0.05,24.96,,0.21,1.06,
SunPayus,,115.0,0.01,17.74,,0.03,1.06,
spirit,,142.0,0.01,22.16,,0.03,1.06,
S1ren,,128.0,0.01,20.92,,0.03,1.06,
piriajr,,89.0,0.01,20.12,,0.04,1.06,
kai,,7.0,0.13,21.75,,0.46,1.06,
NAF,,74.0,0.01,21.75,,0.05,1.06,
Melavi,,128.0,0.01,18.99,,0.03,1.06,
bl1x1,,102.0,0.01,21.9,,0.03,1.06,
Austin,,18.0,0.06,21.01,,0.2,1.06,
Z1W0W,,5.0,0.19,23.62,,0.75,1.06,
Sijeyy,,6.0,0.19,19.32,,0.61,1.06,
YumsaN,,270.0,0.0,19.7,,0.01,1.06,
neight,,74.0,0.01,21.15,,0.05,1.06,
venomzera,,111.0,0.01,21.54,,0.03,1.06,
Brooxsy,,200.0,0.0,21.67,,0.02,1.06,
nyezin,,108.0,0.01,20.95,,0.03,1.06,
millert,,136.0,0.01,19.0,,0.03,1.06,
x9,,47.0,0.02,21.0,,0.08,1.06,
jL,,45.0,0.02,20.0,,0.08,1.06,
erkaSt,,78.0,0.01,22.25,,0.05,1.06,
shoxs,,59.0,0.02,18.9,,0.06,1.06,
reck,,99.0,0.01,20.87,,0.04,1.06,
4X1s,,231.0,0.0,21.62,,0.02,1.06,
areokk,,16.0,0.06,20.38,,0.22,1.06,
sSen,,121.0,0.01,21.2,,0.03,1.06,
BloodyK,,16.0,0.06,23.41,,0.25,1.06,
Xant3r,,154.0,0.01,21.22,,0.02,1.06,
Blytz,,67.0,0.01,21.02,,0.05,1.06,
faveN,,109.0,0.01,19.87,,0.03,1.06,
danistzz,,93.0,0.01,20.14,,0.04,1.06,
pazini,,27.0,0.04,20.79,,0.12,1.06,
woxic,,98.0,0.01,18.94,,0.04,1.06,
Biuckmt,,15.0,0.07,19.81,,0.24,1.06,
YEKINDAR,,97.0,0.01,21.91,,0.04,1.06,
brett,,65.0,0.01,22.23,,0.05,1.06,
AquaRS,,103.0,0.01,22.21,,0.04,1.06,
chengking,,83.0,0.01,20.72,,0.04,1.06,
Nk,,9.0,0.1,22.97,,0.39,1.06,
Jumble,,5.0,0.2,25.31,,0.83,1.05,
maty,,17.0,0.06,26.26,,0.26,1.05,
k1not1,,93.0,0.01,18.44,,0.04,1.05,
thamlike,,126.0,0.01,21.28,,0.03,1.05,
AntyVirus,,107.0,0.01,20.88,,0.03,1.05,
stormzyn,,78.0,0.01,20.64,,0.05,1.05,
xezr,,8.0,0.15,17.74,,0.44,1.05,
KEi,,178.0,0.01,22.31,,0.02,1.05,
ottob,,126.0,0.01,18.88,,0.03,1.05,
Aliot,,21.0,0.05,21.78,,0.18,1.05,
rendysky,,89.0,0.01,19.57,,0.04,1.05,
Margo,,13.0,0.09,17.63,,0.26,1.05,
n1cks,,82.0,0.01,18.94,,0.04,1.05,
JACKZ,,153.0,0.01,20.55,,0.02,1.05,
Scorchyy,,67.0,0.02,19.44,,0.05,1.05,
F0R3VER,,103.0,0.01,22.21,,0.04,1.05,
myltsi,,114.0,0.01,22.18,,0.03,1.05,
malbsMd,,91.0,0.01,22.3,,0.04,1.05,
Alxc,,119.0,0.01,21.25,,0.03,1.05,
Gauthierlelelele,,18.0,0.06,17.98,,0.18,1.05,
Kvem,,94.0,0.01,20.78,,0.04,1.05,
xns,,41.0,0.02,22.5,,0.09,1.05,
mezii,,85.0,0.01,21.42,,0.04,1.05,
Niko,,6.0,0.17,18.91,,0.55,1.05,
dash,,5.0,0.18,19.55,,0.58,1.05,
Botman,,169.0,0.01,22.96,,0.02,1.05,
Belof,,14.0,0.07,21.96,,0.25,1.05,
JennyR,,18.0,0.05,24.03,,0.21,1.05,
Bibu,,69.0,0.02,20.14,,0.05,1.05,
Tr0ublE,,115.0,0.01,19.32,,0.03,1.05,
nukkye,,120.0,0.01,22.69,,0.03,1.05,
Lack1,,183.0,0.01,22.21,,0.02,1.05,
def1zer,,97.0,0.01,21.74,,0.04,1.05,
Skrimo,,161.0,0.01,22.64,,0.02,1.05,
mag1k3Y,,179.0,0.01,18.59,,0.02,1.05,
DemQQ,,106.0,0.01,21.39,,0.04,1.05,
swetsi,,38.0,0.03,19.57,,0.1,1.05,
lkz,,78.0,0.01,21.48,,0.05,1.05,
Plopski,,108.0,0.01,22.35,,0.03,1.05,
bnox,,99.0,0.01,21.14,,0.04,1.05,
RaY5ive,,201.0,0.0,22.29,,0.02,1.05,
kyuubii,,132.0,0.01,21.98,,0.03,1.05,
Tauson,,100.0,0.01,20.88,,0.04,1.05,
mzinho,,83.0,0.01,22.38,,0.04,1.05,
NRD,,5.0,0.17,24.52,,0.69,1.05,
BnTeT,,40.0,0.02,22.7,,0.09,1.05,
Altekz,,169.0,0.01,21.98,,0.02,1.05,
Girafffe,,129.0,0.01,20.9,,0.03,1.05,
stadodo,,134.0,0.01,19.24,,0.03,1.05,
rdnzao,,123.0,0.01,20.9,,0.03,1.05,
Frontsiderr,,55.0,0.02,20.18,,0.06,1.05,
em0k1d,,15.0,0.07,19.87,,0.22,1.05,
s4ltovsk1yy,,123.0,0.01,18.06,,0.03,1.05,
Tiger,,65.0,0.02,19.56,,0.06,1.05,
micro,,15.0,0.06,20.43,,0.21,1.05,
leo,,16.0,0.05,26.4,,0.24,1.05,
nbqq,,122.0,0.01,21.5,,0.03,1.05,
amster,,132.0,0.01,21.13,,0.03,1.05,
Sonic,,87.0,0.01,21.99,,0.04,1.05,
3ippoch,,42.0,0.02,22.76,,0.09,1.05,
bluewh1te,,126.0,0.01,21.28,,0.03,1.05,
dezt,,26.0,0.04,20.67,,0.14,1.05,
sh1nejezzz,,269.0,0.0,21.22,,0.01,1.05,
patrikinho,,30.0,0.03,20.0,,0.11,1.05,
esor,,25.0,0.04,22.06,,0.16,1.05,
kreaz,,93.0,0.01,20.92,,0.04,1.05,
shadiy,,80.0,0.01,20.3,,0.04,1.05,
hitagi,,9.0,0.11,20.67,,0.39,1.05,
Lekzi,,71.0,0.01,20.72,,0.05,1.05,
Djoko,,196.0,0.01,21.43,,0.02,1.05,
Peeping,,84.0,0.01,21.77,,0.04,1.05,
AW,,117.0,0.01,21.69,,0.03,1.05,
brn$,,75.0,0.02,18.17,,0.05,1.05,
hitori,,82.0,0.01,22.27,,0.05,1.05,
Panic,,34.0,0.03,23.1,,0.11,1.05,
JDubs,,6.0,0.16,24.23,,0.66,1.05,
Fruitcupx,,57.0,0.02,21.04,,0.06,1.04,
bajmi,,142.0,0.01,21.7,,0.03,1.04,
Rack,,26.0,0.04,23.56,,0.15,1.04,
pavlysha666,,31.0,0.03,23.32,,0.12,1.04,
divine,,158.0,0.01,16.9,,0.02,1.04,
laxiee,,51.0,0.02,20.01,,0.07,1.04,
JBa,,112.0,0.01,20.28,,0.03,1.04,
Cabbi,,96.0,0.01,20.99,,0.04,1.04,
L00m1,,125.0,0.01,20.09,,0.03,1.04,
Jimpphat,,56.0,0.02,19.69,,0.06,1.04,
n1ssim,,109.0,0.01,20.61,,0.03,1.04,
H4SAN4TOR,,270.0,0.0,22.51,,0.01,1.04,
Jiace,,16.0,0.06,22.84,,0.22,1.04,
abr,,108.0,0.01,20.14,,0.03,1.04,
HEN1,,71.0,0.02,18.65,,0.05,1.04,
bondik,,125.0,0.01,20.6,,0.03,1.04,
sugaR,,176.0,0.01,21.2,,0.02,1.04,
Nikodeon,,186.0,0.01,22.62,,0.02,1.04,
Ader,,12.0,0.08,22.19,,0.3,1.04,
prosus,,105.0,0.01,22.37,,0.04,1.04,
ayano,,148.0,0.01,22.56,,0.02,1.04,
Machado,,100.0,0.01,18.32,,0.04,1.04,
ALENNNCAR,,57.0,0.02,20.13,,0.06,1.04,
timo,,112.0,0.01,21.59,,0.03,1.04,
DarkMeister,,5.0,0.19,21.46,,0.69,1.04,
joeski,,98.0,0.01,23.04,,0.04,1.04,
zevy,,85.0,0.01,18.81,,0.04,1.04,
C4LLM3SU3,,70.0,0.02,21.01,,0.05,1.04,
KarmaN,,30.0,0.04,19.71,,0.12,1.04,
nardes,,100.0,0.01,18.91,,0.04,1.04,
ponter,,160.0,0.01,20.58,,0.02,1.04,
kashl1d,,152.0,0.01,20.07,,0.02,1.04,
Buzz,,100.0,0.01,21.75,,0.04,1.04,
anarkez,,14.0,0.08,19.87,,0.26,1.04,
n0rths,,42.0,0.02,21.2,,0.09,1.04,
JHM,,9.0,0.1,19.83,,0.34,1.04,
moonwalk,,142.0,0.01,22.83,,0.03,1.04,
NOPEEj,,134.0,0.01,20.72,,0.03,1.04,
xEternaLxx,,40.0,0.02,22.6,,0.09,1.04,
snow,,89.0,0.01,21.12,,0.04,1.04,
aNdu,,90.0,0.01,23.52,,0.04,1.04,
EliGE,,81.0,0.01,23.03,,0.05,1.04,
exit,,85.0,0.01,20.24,,0.04,1.04,
next1me,,87.0,0.01,21.28,,0.04,1.04,
Yakuza,,42.0,0.02,20.65,,0.08,1.04,
Keksimage,,14.0,0.06,22.6,,0.25,1.04,
sh1seido,,47.0,0.02,19.74,,0.07,1.04,
cej0t,,96.0,0.01,22.05,,0.04,1.04,
cadnyx,,91.0,0.01,23.35,,0.04,1.04,
alex,,106.0,0.01,21.58,,0.04,1.04,
fen2k,,68.0,0.01,22.91,,0.05,1.04,
acoR,,96.0,0.01,18.39,,0.04,1.04,
MrObvious,,11.0,0.09,23.99,,0.34,1.04,
CLASIA,,51.0,0.02,21.19,,0.07,1.04,
her1tage,,165.0,0.01,22.29,,0.02,1.04,
maxxkor,,123.0,0.01,18.7,,0.03,1.04,
POLO,,133.0,0.01,18.82,,0.03,1.04,
zock9,,32.0,0.04,17.8,,0.11,1.04,
Kurama,,146.0,0.01,22.55,,0.02,1.04,
zock,,158.0,0.01,20.21,,0.02,1.04,
Kaiserzy,,16.0,0.06,21.91,,0.22,1.04,
4TAYLOR,,32.0,0.03,22.81,,0.11,1.04,
TyRa,,67.0,0.01,22.54,,0.05,1.04,
sacrifice,,8.0,0.13,25.12,,0.55,1.04,
fozil,,79.0,0.01,21.05,,0.05,1.04,
dott1,,130.0,0.01,20.07,,0.03,1.04,
MisteM,,78.0,0.01,25.23,,0.05,1.04,
Kiy0o,,93.0,0.01,23.36,,0.04,1.04,
xureba,,144.0,0.01,22.03,,0.02,1.04,
Magic,,41.0,0.02,22.17,,0.09,1.04,
Calyx,,37.0,0.03,19.93,,0.1,1.04,
KWERTZZ,,63.0,0.02,21.21,,0.06,1.04,
prozinszsz,,7.0,0.12,25.29,,0.53,1.04,
Wonder,,90.0,0.01,22.34,,0.04,1.04,
sdy,,64.0,0.02,21.68,,0.06,1.04,
edv,,59.0,0.02,17.94,,0.06,1.04,
JOTA,,71.0,0.01,20.08,,0.05,1.04,
gleb86rus,,90.0,0.01,22.47,,0.04,1.04,
kauez,,102.0,0.01,21.14,,0.04,1.04,
yngsamurai,,10.0,0.11,18.22,,0.33,1.04,
kraghen,,102.0,0.01,22.36,,0.04,1.04,
SHOCK,,110.0,0.01,22.23,,0.03,1.03,
MICHU,,20.0,0.05,20.99,,0.19,1.03,
F4QQ,,37.0,0.03,19.72,,0.1,1.03,
tasman,,63.0,0.02,21.81,,0.06,1.03,
expSasiKi,,66.0,0.01,23.27,,0.06,1.03,
perez,,51.0,0.02,20.97,,0.07,1.03,
woozzzi,,133.0,0.01,19.53,,0.03,1.03,
hades,,119.0,0.01,18.91,,0.03,1.03,
Orava,,11.0,0.09,21.02,,0.31,1.03,
d1maje,,124.0,0.01,22.43,,0.03,1.03,
hAdji,,158.0,0.01,21.56,,0.02,1.03,
Maze,,166.0,0.01,20.75,,0.02,1.03,
h1te,,98.0,0.01,20.22,,0.04,1.03,
Mizi,,48.0,0.02,23.2,,0.08,1.03,
imoRR,,9.0,0.12,19.12,,0.4,1.03,
matios,,132.0,0.01,21.64,,0.03,1.03,
Ro1f,,100.0,0.01,22.23,,0.04,1.03,
cptkurtka023,,108.0,0.01,23.4,,0.03,1.03,
reyoz,,86.0,0.01,21.73,,0.04,1.03,
maxed,,16.0,0.06,23.1,,0.22,1.03,
Nexius,,20.0,0.05,23.9,,0.2,1.03,
kensizor,,102.0,0.01,22.87,,0.04,1.03,
tO0RO,,46.0,0.02,22.71,,0.09,1.03,
Fessor,,27.0,0.04,21.42,,0.13,1.03,
BaGyZ,,9.0,0.11,21.12,,0.4,1.03,
chelo,,117.0,0.01,22.76,,0.03,1.03,
cairne,,91.0,0.01,21.69,,0.04,1.03,
NeoLife,,90.0,0.01,22.71,,0.04,1.03,
paqueta,,31.0,0.04,18.42,,0.11,1.03,
MoriiSko,,85.0,0.01,22.8,,0.04,1.03,
reNTU,,26.0,0.04,18.11,,0.13,1.03,
bobeksde,,101.0,0.01,22.22,,0.04,1.03,
kairo,,24.0,0.05,19.81,,0.15,1.03,
Zuedsta,,75.0,0.01,22.56,,0.05,1.03,
Brylu,,54.0,0.02,22.71,,0.07,1.03,
SELLTER,,179.0,0.01,22.39,,0.02,1.03,
MistR,,96.0,0.01,21.87,,0.04,1.03,
zune,,83.0,0.01,20.49,,0.04,1.03,
skullz,,36.0,0.03,20.33,,0.1,1.03,
lasfas,,75.0,0.01,20.03,,0.05,1.03,
sideffect,,17.0,0.05,23.4,,0.2,1.03,
verbal4buser,,10.0,0.09,21.43,,0.33,1.03,
k4nfuz,,192.0,0.01,21.84,,0.02,1.03,
salazar,,109.0,0.01,20.5,,0.03,1.03,
oSee,,87.0,0.01,20.14,,0.04,1.03,
KiMaRR,,12.0,0.08,20.62,,0.29,1.03,
miniature,,11.0,0.08,26.33,,0.35,1.03,
TeSeS,,87.0,0.01,23.46,,0.04,1.03,
Pump,,64.0,0.02,21.62,,0.06,1.03,
souz4h,,56.0,0.02,21.64,,0.07,1.03,
Lekr0,,167.0,0.01,21.69,,0.02,1.03,
beastik,,110.0,0.01,23.86,,0.03,1.03,
VINI,,117.0,0.01,23.0,,0.03,1.03,
dexter,,92.0,0.01,20.84,,0.04,1.03,
shield,,58.0,0.02,19.36,,0.06,1.03,
Dragon,,131.0,0.01,21.68,,0.03,1.03,
BangBang,,35.0,0.03,23.56,,0.1,1.03,
Beccie,,96.0,0.01,21.42,,0.04,1.03,
faydett,,181.0,0.01,23.58,,0.02,1.03,
headtr1ck,,53.0,0.02,18.12,,0.07,1.03,
lezy,,30.0,0.03,23.73,,0.12,1.03,
Ciocardau,,124.0,0.01,22.9,,0.03,1.03,
drop,,102.0,0.01,21.35,,0.04,1.03,
tein,,93.0,0.01,22.82,,0.04,1.03,
ragga,,107.0,0.01,20.22,,0.03,1.03,
Maxuel,,9.0,0.1,24.09,,0.4,1.03,
Scr0b,,27.0,0.04,21.89,,0.14,1.03,
Anlelele,,100.0,0.01,21.97,,0.04,1.03,
ADRON,,123.0,0.01,22.67,,0.03,1.03,
happ,,171.0,0.01,19.41,,0.02,1.03,
jakekeS,,83.0,0.01,21.41,,0.04,1.02,
chuzhongT,,20.0,0.05,21.72,,0.18,1.02,
rekonz,,80.0,0.01,21.67,,0.04,1.02,
Boye,,109.0,0.01,22.84,,0.03,1.02,
Long,,9.0,0.11,21.78,,0.4,1.02,
zmo,,5.0,0.21,20.0,,0.69,1.02,
pavv,,96.0,0.01,21.63,,0.04,1.02,
dobbo,,54.0,0.02,22.78,,0.07,1.02,
Viggo,,25.0,0.04,22.21,,0.14,1.02,
fanatyk,,107.0,0.01,21.52,,0.03,1.02,
Cher1on,,6.0,0.17,19.63,,0.56,1.02,
noni,,177.0,0.01,20.67,,0.02,1.02,
mENTALPLAY,,10.0,0.11,19.72,,0.35,1.02,
Fallis,,5.0,0.18,22.25,,0.67,1.02,
FxRE,,51.0,0.02,22.81,,0.07,1.02,
fr3nd,,75.0,0.01,20.99,,0.05,1.02,
clouden,,68.0,0.01,22.98,,0.05,1.02,
volt,,98.0,0.01,22.11,,0.04,1.02,
Q-Q,,22.0,0.05,19.54,,0.16,1.02,
kye,,77.0,0.01,21.35,,0.05,1.02,
z_nan,,9.0,0.1,20.12,,0.34,1.02,
cLd,,138.0,0.01,21.94,,0.03,1.02,
Sh1karee,,17.0,0.06,23.85,,0.26,1.02,
SENER1,,131.0,0.01,23.34,,0.03,1.02,
TjP,,92.0,0.01,21.93,,0.04,1.02,
buster,,71.0,0.01,19.91,,0.05,1.02,
Santuriano,,5.0,0.19,30.11,,0.96,1.02,
violet,,10.0,0.09,19.78,,0.3,1.02,
Smash,,125.0,0.01,22.31,,0.03,1.02,
Duplicate,,11.0,0.08,23.51,,0.31,1.02,
Norwi,,69.0,0.01,21.82,,0.05,1.02,
Cozen,,55.0,0.02,23.35,,0.07,1.02,
xaler,,58.0,0.02,21.62,,0.06,1.02,
Krad,,68.0,0.01,22.66,,0.05,1.02,
meyern,,150.0,0.01,19.12,,0.02,1.02,
bekker,,164.0,0.01,19.4,,0.02,1.02,
redzed,,52.0,0.02,22.43,,0.07,1.02,
forkyz,,162.0,0.01,23.19,,0.02,1.02,
wonimo,,68.0,0.02,20.96,,0.05,1.02,
Bl4zE,,34.0,0.03,20.3,,0.1,1.02,
El1an,,190.0,0.01,19.57,,0.02,1.02,
kAlash,,112.0,0.01,22.12,,0.03,1.02,
iDISBALANCE,,146.0,0.01,20.16,,0.03,1.02,
SNk,,84.0,0.01,20.24,,0.04,1.02,
MITHPUTTINI,,64.0,0.02,20.54,,0.06,1.02,
eLa1z,,13.0,0.08,23.23,,0.3,1.02,
kL1o,,127.0,0.01,22.32,,0.03,1.02,
7tetsu,,56.0,0.02,22.8,,0.06,1.02,
nacho,,100.0,0.01,21.98,,0.04,1.02,
torzsi,,88.0,0.01,17.78,,0.04,1.02,
pr1metapz,,76.0,0.01,22.57,,0.05,1.02,
AverOna,,5.0,0.18,26.52,,0.79,1.02,
Markz,,115.0,0.01,19.04,,0.03,1.02,
NEOFRAG,,139.0,0.01,21.77,,0.03,1.02,
LNZ,,111.0,0.01,21.98,,0.03,1.02,
yiksrezo,,76.0,0.01,22.95,,0.05,1.02,
zzi,,6.0,0.17,19.28,,0.55,1.02,
tutu,,41.0,0.02,22.7,,0.09,1.02,
yoki,,21.0,0.05,18.0,,0.16,1.02,
apocdud,,102.0,0.01,22.44,,0.03,1.02,
alicerawr,,39.0,0.03,22.66,,0.1,1.02,
Neityu,,70.0,0.01,23.31,,0.05,1.02,
1NVISIBLEE,,167.0,0.01,23.98,,0.02,1.02,
arrozdoce,,38.0,0.02,24.33,,0.1,1.02,
fREQ,,160.0,0.01,20.58,,0.02,1.02,
nolkz,,32.0,0.03,21.55,,0.11,1.02,
deemO,,97.0,0.01,20.51,,0.04,1.02,
Tarkky,,72.0,0.01,22.02,,0.05,1.02,
esenthial,,102.0,0.01,21.73,,0.04,1.02,
Flierax,,98.0,0.01,19.84,,0.04,1.02,
z3ndy,,5.0,0.2,26.53,,0.87,1.02,
jared,,64.0,0.02,20.34,,0.05,1.02,
huNter-,,105.0,0.01,21.74,,0.03,1.02,
bevve,,129.0,0.01,20.9,,0.03,1.02,
sm3t,,38.0,0.03,22.58,,0.1,1.02,
Hack1ng,,42.0,0.02,23.62,,0.09,1.02,
zeRRoFIX,,108.0,0.01,22.01,,0.03,1.02,
leri511,,23.0,0.05,20.07,,0.16,1.02,
Neqy,,201.0,0.0,23.76,,0.02,1.02,
rate,,52.0,0.02,22.44,,0.07,1.02,
raalz,,102.0,0.01,22.59,,0.04,1.02,
robo,,105.0,0.01,23.09,,0.04,1.02,
AdrieN,,267.0,0.0,21.73,,0.01,1.02,
Kaoday,,18.0,0.05,23.26,,0.19,1.02,
Supr3me,,13.0,0.07,21.07,,0.26,1.02,
vicu,,59.0,0.02,20.03,,0.06,1.02,
maaryy,,289.0,0.0,22.1,,0.01,1.02,
Roninbaby,,55.0,0.02,24.32,,0.07,1.02,
Patsi,,87.0,0.01,22.39,,0.04,1.02,
spardaus,,57.0,0.02,22.49,,0.06,1.02,
fury5k,,66.0,0.01,24.21,,0.06,1.02,
cobrazera,,83.0,0.01,22.61,,0.04,1.02,
Dytor,,59.0,0.02,21.2,,0.06,1.01,
shaiK,,124.0,0.01,23.55,,0.03,1.01,
saffee,,25.0,0.04,19.25,,0.14,1.01,
HOLY,,133.0,0.01,23.08,,0.03,1.01,
prelideN,,17.0,0.06,23.53,,0.23,1.01,
ryu,,98.0,0.01,21.44,,0.04,1.01,
mawth,,82.0,0.01,21.17,,0.04,1.01,
sATOR1,,50.0,0.02,21.94,,0.07,1.01,
Monoxx,,11.0,0.08,22.1,,0.31,1.01,
k1to,,169.0,0.01,23.91,,0.02,1.01,
nikitea,,93.0,0.01,23.36,,0.04,1.01,
delle,,67.0,0.01,23.4,,0.05,1.01,
snowiee,,14.0,0.07,20.17,,0.23,1.01,
BZA,,49.0,0.02,23.46,,0.07,1.01,
MisterHy,,16.0,0.06,23.88,,0.25,1.01,
D1sastrouS,,8.0,0.12,20.49,,0.42,1.01,
Sapec,,149.0,0.01,23.26,,0.02,1.01,
Folke,,31.0,0.03,22.32,,0.12,1.01,
tw1sterzaza,,75.0,0.01,22.01,,0.05,1.01,
AtomiK,,11.0,0.1,21.21,,0.35,1.01,
b1,,8.0,0.11,21.94,,0.42,1.01,
rain,,104.0,0.01,22.24,,0.03,1.01,
Hezz,,130.0,0.01,21.76,,0.03,1.01,
osku,,14.0,0.07,20.37,,0.25,1.01,
wizzhehe,,5.0,0.2,24.85,,0.83,1.01,
walleN,,153.0,0.01,22.58,,0.02,1.01,
thomass1,,17.0,0.05,21.2,,0.19,1.01,
rigoN,,144.0,0.01,22.93,,0.03,1.01,
aimy,,101.0,0.01,23.62,,0.04,1.01,
ROUX,,105.0,0.01,24.14,,0.03,1.01,
righi,,36.0,0.03,22.45,,0.1,1.01,
sergelen19k,,29.0,0.03,22.74,,0.13,1.01,
nbl,,43.0,0.02,22.39,,0.08,1.01,
sjuush,,91.0,0.01,22.82,,0.04,1.01,
M4k,,5.0,0.2,20.81,,0.69,1.01,
coldzera,,48.0,0.02,20.42,,0.07,1.01,
Br4tkO,,134.0,0.01,23.24,,0.03,1.01,
hasteka,,27.0,0.03,24.48,,0.14,1.01,
hazr,,80.0,0.01,22.98,,0.04,1.01,
NucleonZ,,55.0,0.02,23.72,,0.07,1.01,
soulfly,,98.0,0.01,23.37,,0.04,1.01,
F1NNN,,5.0,0.19,21.25,,0.69,1.01,
marekiew,,94.0,0.01,21.65,,0.04,1.01,
risen,,10.0,0.09,24.2,,0.36,1.01,
dobo,,11.0,0.07,27.28,,0.33,1.01,
Walco,,10.0,0.09,24.94,,0.36,1.01,
ztr,,105.0,0.01,22.92,,0.03,1.01,
rahley,,6.0,0.16,22.94,,0.6,1.01,
gokushima,,26.0,0.04,23.78,,0.14,1.01,
chop,,92.0,0.01,22.51,,0.04,1.01,
Omichella,,102.0,0.01,22.44,,0.03,1.01,
BK1,,73.0,0.01,22.31,,0.05,1.01,
calamity,,61.0,0.01,25.06,,0.06,1.01,
vsm,,89.0,0.01,21.77,,0.04,1.01,
Bruninho,,40.0,0.02,21.41,,0.09,1.01,
Cliqq,,136.0,0.01,22.92,,0.03,1.01,
Temny Prince,,22.0,0.04,21.79,,0.16,1.01,
flaw,,36.0,0.03,22.2,,0.1,1.01,
kRaSnaL,,57.0,0.02,23.11,,0.06,1.01,
Prism,,125.0,0.01,22.68,,0.03,1.01,
Beastman,,11.0,0.07,24.94,,0.31,1.01,
chawzyyy,,8.0,0.13,24.75,,0.52,1.01,
gas,,50.0,0.02,23.16,,0.07,1.01,
Moretz,,50.0,0.02,23.72,,0.07,1.01,
Maka,,103.0,0.01,20.18,,0.03,1.01,
s1n,,112.0,0.01,21.1,,0.03,1.01,
Sisyphus,,15.0,0.06,20.87,,0.21,1.01,
Pistash,,6.0,0.15,23.26,,0.59,1.01,
alex666,,102.0,0.01,23.37,,0.04,1.01,
dav1g,,106.0,0.01,22.92,,0.04,1.01,
1amthebeast,,7.0,0.13,22.08,,0.47,1.01,
Mr66,,11.0,0.08,23.47,,0.33,1.01,
hardzao,,129.0,0.01,20.7,,0.03,1.01,
Bymas,,84.0,0.01,21.71,,0.04,1.01,
Sobol,,91.0,0.01,23.97,,0.04,1.01,
rayxts,,7.0,0.14,23.61,,0.54,1.01,
Noruyp,,167.0,0.01,21.07,,0.02,1.0,
Queenix,,94.0,0.01,24.15,,0.04,1.0,
Zamgaa,,6.0,0.16,23.2,,0.63,1.0,
sun,,9.0,0.12,23.07,,0.45,1.0,
Grashog,,5.0,0.18,27.33,,0.83,1.0,
Lucaozy,,85.0,0.01,21.68,,0.04,1.0,
NaToSaphiX,,15.0,0.06,25.31,,0.25,1.0,
d0jca,,20.0,0.06,17.5,,0.16,1.0,
pat u,,8.0,0.11,23.76,,0.45,1.0,
Wonderzce,,46.0,0.02,22.55,,0.07,1.0,
SinK,,57.0,0.02,21.87,,0.07,1.0,
Bukhavez,,105.0,0.01,25.45,,0.04,1.0,
destiny,,137.0,0.01,22.15,,0.03,1.0,
VENO,,42.0,0.02,24.29,,0.09,1.0,
Keoz,,203.0,0.0,22.52,,0.02,1.0,
juanflatroo,,36.0,0.03,22.82,,0.1,1.0,
keb1k,,5.0,0.21,18.27,,0.64,1.0,
BqreBedre,,21.0,0.04,23.14,,0.17,1.0,
anttzz,,83.0,0.01,22.54,,0.04,1.0,
nosraC,,137.0,0.01,21.21,,0.02,1.0,
vinaabEAST,,47.0,0.02,20.3,,0.07,1.0,
hibui,,14.0,0.07,22.61,,0.28,1.0,
foggers,,73.0,0.01,23.8,,0.05,1.0,
w0l33n,,29.0,0.04,22.26,,0.13,1.0,
w1nt3r,,22.0,0.05,21.27,,0.16,1.0,
Purely,,48.0,0.02,20.03,,0.07,1.0,
ryn,,16.0,0.06,21.94,,0.23,1.0,
virtuoso,,9.0,0.11,22.34,,0.41,1.0,
magixx,,70.0,0.01,21.77,,0.05,1.0,
zxy,,9.0,0.1,23.43,,0.4,1.0,
bones,,74.0,0.01,20.52,,0.05,1.0,
CYPHER,,43.0,0.02,23.98,,0.08,1.0,
mason,,28.0,0.03,23.08,,0.13,1.0,
aNgelo,,17.0,0.06,18.58,,0.2,1.0,
Kunai,,178.0,0.01,24.25,,0.02,1.0,
brnz4n,,111.0,0.01,22.21,,0.03,1.0,
ETYYY,,16.0,0.06,22.11,,0.22,1.0,
Few,,23.0,0.04,24.01,,0.16,1.0,
levi,,81.0,0.01,19.9,,0.05,1.0,
controlez,,93.0,0.01,22.71,,0.04,1.0,
Valter0k,,61.0,0.02,22.83,,0.06,1.0,
AccuracyTG,,78.0,0.01,23.65,,0.05,1.0,
kr1vda,,87.0,0.01,24.03,,0.04,1.0,
bsover,,136.0,0.01,22.99,,0.03,1.0,
Kermi,,71.0,0.01,22.92,,0.05,1.0,
empathy,,39.0,0.02,24.96,,0.1,1.0,
Chill,,92.0,0.01,23.44,,0.04,1.0,
isak,,108.0,0.01,22.81,,0.03,1.0,
dezl3bio,,75.0,0.01,21.79,,0.05,1.0,
dazzy,,39.0,0.03,22.27,,0.1,1.0,
MaxOff,,96.0,0.01,21.19,,0.04,1.0,
eNs,,69.0,0.01,23.2,,0.05,1.0,
soloooS,,55.0,0.02,23.85,,0.07,1.0,
Gratisfaction,,44.0,0.02,22.09,,0.08,1.0,
motm,,107.0,0.01,21.87,,0.03,1.0,
TMKj,,134.0,0.01,23.17,,0.03,1.0,
yvro,,295.0,0.0,22.34,,0.01,1.0,
Get_Jeka,,141.0,0.01,22.04,,0.03,1.0,
Something,,146.0,0.01,24.24,,0.03,1.0,
deco,,130.0,0.01,22.23,,0.03,1.0,
lojzo,,13.0,0.08,21.91,,0.28,1.0,
Dr3nquu,,125.0,0.01,21.3,,0.03,1.0,
zazzer,,33.0,0.03,22.89,,0.11,1.0,
SHiPZ,,42.0,0.02,21.03,,0.08,1.0,
cmtry,,101.0,0.01,21.54,,0.04,1.0,
trindade,,103.0,0.01,22.3,,0.03,1.0,
sheezy,,14.0,0.06,23.72,,0.25,1.0,
Malkiss,,94.0,0.01,19.24,,0.04,1.0,
WetWillie,,5.0,0.18,23.82,,0.71,1.0,
bL4SEZ,,131.0,0.01,22.26,,0.03,1.0,
yxngstxr,,97.0,0.01,19.73,,0.04,1.0,
BestR1flerEu,,5.0,0.19,18.35,,0.6,1.0,
X5G7V,,152.0,0.01,23.82,,0.02,1.0,
gLong,,12.0,0.09,21.6,,0.33,1.0,
sk1tt,,114.0,0.01,23.97,,0.03,1.0,
twist,,130.0,0.01,23.06,,0.03,1.0,
susp,,97.0,0.01,23.46,,0.04,1.0,
EsD,,14.0,0.07,22.12,,0.25,1.0,
mRmN,,9.0,0.1,25.03,,0.43,1.0,
jernejj,,11.0,0.08,22.03,,0.31,1.0,
fnl,,43.0,0.02,21.82,,0.08,1.0,
74LOR,,71.0,0.01,23.07,,0.05,1.0,
bnc,,109.0,0.01,22.32,,0.03,1.0,
k9izer,,70.0,0.01,21.72,,0.05,1.0,
Evan,,40.0,0.02,21.03,,0.08,1.0,
realzen,,123.0,0.01,23.14,,0.03,1.0,
cadiaN,,52.0,0.02,19.61,,0.07,1.0,
DYLAN,,32.0,0.03,23.1,,0.11,1.0,
Sidivo,,9.0,0.11,21.12,,0.4,1.0,
Crunchy,,77.0,0.01,23.88,,0.05,1.0,
Prime,,62.0,0.02,22.48,,0.06,1.0,
riskyb0b,,92.0,0.01,22.59,,0.04,1.0,
Pelle,,51.0,0.02,22.58,,0.07,1.0,
ykis,,15.0,0.07,19.44,,0.23,1.0,
Icarus,,134.0,0.01,22.93,,0.03,1.0,
tripex17,,80.0,0.01,24.92,,0.05,1.0,
Muk0s,,72.0,0.01,25.21,,0.05,1.0,
MAGILA,,89.0,0.01,23.88,,0.04,1.0,
Bizarre666,,10.0,0.1,20.1,,0.33,1.0,
vision,,100.0,0.01,21.34,,0.04,1.0,
maddeN,,16.0,0.06,23.81,,0.24,1.0,
Kamo,,38.0,0.03,19.73,,0.09,1.0,
dan1,,97.0,0.01,22.26,,0.04,1.0,
vilga,,18.0,0.05,25.12,,0.21,1.0,
ReFuZR,,79.0,0.01,22.35,,0.05,0.99,
CHANKY,,16.0,0.06,22.34,,0.22,0.99,
maggent,,115.0,0.01,22.98,,0.03,0.99,
rilax,,7.0,0.13,26.42,,0.59,0.99,
mogv,,97.0,0.01,24.8,,0.04,0.99,
j0w,,97.0,0.01,22.07,,0.04,0.99,
P1kan0,,39.0,0.03,23.86,,0.1,0.99,
dopplahs,,5.0,0.16,25.19,,0.69,0.99,
HEAP,,167.0,0.01,21.25,,0.02,0.99,
deeN,,45.0,0.02,22.66,,0.08,0.99,
0z,,13.0,0.07,24.02,,0.28,0.99,
SaVage,,80.0,0.01,22.24,,0.04,0.99,
keegaN,,44.0,0.02,19.18,,0.08,0.99,
Lacerda,,106.0,0.01,22.39,,0.03,0.99,
mazda,,9.0,0.1,23.54,,0.41,0.99,
YoNdO,,9.0,0.1,20.89,,0.36,0.99,
jchancE,,12.0,0.09,18.2,,0.26,0.99,
SprinT,,10.0,0.1,20.72,,0.34,0.99,
Remill,,45.0,0.02,23.06,,0.08,0.99,
Mingovi,,9.0,0.09,26.37,,0.41,0.99,
FRIZZY,,7.0,0.14,21.65,,0.51,0.99,
remix,,138.0,0.01,19.91,,0.03,0.99,
Seb,,50.0,0.02,23.13,,0.07,0.99,
kumao,,185.0,0.01,23.14,,0.02,0.99,
Vster,,16.0,0.06,24.39,,0.24,0.99,
tudsoN,,32.0,0.03,20.33,,0.11,0.99,
s1lent,,33.0,0.03,21.24,,0.11,0.99,
Brollan,,55.0,0.02,22.75,,0.06,0.99,
cerolzin,,74.0,0.01,22.33,,0.05,0.99,
yksjupe,,84.0,0.01,24.78,,0.04,0.99,
RQBY,,15.0,0.06,24.08,,0.24,0.99,
yuramyata,,49.0,0.02,19.79,,0.07,0.99,
s3rum,,56.0,0.02,22.17,,0.06,0.99,
pufko,,5.0,0.16,23.7,,0.64,0.99,
oju,,5.0,0.21,21.17,,0.73,0.99,
aRTYSAN,,13.0,0.07,24.61,,0.29,0.99,
wieenN,,51.0,0.02,21.63,,0.07,0.99,
fakerealityy,,115.0,0.01,23.73,,0.03,0.99,
rafaxF,,67.0,0.02,20.41,,0.05,0.99,
AwaykeN,,106.0,0.01,20.41,,0.03,0.99,
fl4sh,,78.0,0.01,22.39,,0.05,0.99,
Mol011,,110.0,0.01,22.75,,0.03,0.99,
apEX,,85.0,0.01,24.01,,0.04,0.99,
Muciek,,132.0,0.01,20.64,,0.03,0.99,
Aerial,,56.0,0.02,22.64,,0.07,0.99,
xiELO,,100.0,0.01,25.13,,0.04,0.99,
Dementor,,47.0,0.02,23.38,,0.08,0.99,
Lr0z1n,,5.0,0.2,18.82,,0.64,0.99,
Leomonster,,171.0,0.01,21.41,,0.02,0.99,
Aceari,,15.0,0.07,19.93,,0.22,0.99,
Sa1nTy,,16.0,0.06,23.93,,0.22,0.99,
ultimate,,81.0,0.01,21.47,,0.05,0.99,
mhN1,,51.0,0.02,21.55,,0.07,0.99,
zeph,,15.0,0.06,22.55,,0.22,0.99,
chedzik,,10.0,0.08,25.36,,0.36,0.99,
laser,,69.0,0.01,20.96,,0.05,0.99,
Winnieeeee,,16.0,0.05,24.49,,0.22,0.99,
dako,,97.0,0.01,21.96,,0.04,0.99,
Vacancy,,129.0,0.01,24.02,,0.03,0.99,
danoco,,25.0,0.04,21.2,,0.13,0.99,
ASTR,,71.0,0.01,23.94,,0.05,0.99,
arcade,,15.0,0.06,20.65,,0.21,0.99,
d0mZ1k,,13.0,0.08,20.08,,0.28,0.99,
Nivera,,16.0,0.07,19.47,,0.21,0.99,
Keb1e,,10.0,0.09,23.09,,0.36,0.99,
Hrdina,,84.0,0.01,22.41,,0.04,0.99,
RoberttMP,,75.0,0.01,24.22,,0.05,0.99,
VanceKK,,42.0,0.02,21.05,,0.09,0.99,
pz,,100.0,0.01,21.09,,0.04,0.99,
Summer,,83.0,0.01,22.93,,0.04,0.99,
kdaN,,11.0,0.09,20.69,,0.3,0.99,
sol,,168.0,0.01,23.23,,0.02,0.99,
grizzly,,55.0,0.02,21.96,,0.07,0.99,
next,,96.0,0.01,21.63,,0.04,0.99,
uli,,119.0,0.01,22.61,,0.03,0.99,
pesadelo,,65.0,0.01,23.13,,0.06,0.98,
aelor,,65.0,0.01,22.8,,0.05,0.98,
mello,,57.0,0.02,19.81,,0.06,0.98,
jsfeltner,,69.0,0.01,24.18,,0.05,0.98,
7EMPORARY,,15.0,0.07,20.4,,0.23,0.98,
ImpressioN,,10.0,0.09,24.3,,0.35,0.98,
majky,,68.0,0.01,24.31,,0.05,0.98,
miteww,,10.0,0.1,23.51,,0.38,0.98,
Ex3rcice,,103.0,0.01,22.76,,0.03,0.98,
nestee,,59.0,0.02,22.93,,0.06,0.98,
lawlkay,,35.0,0.02,22.72,,0.09,0.98,
autophase,,8.0,0.13,20.48,,0.45,0.98,
edixenn,,27.0,0.03,24.06,,0.13,0.98,
w1dow,,97.0,0.01,24.13,,0.04,0.98,
eskyy,,120.0,0.01,22.07,,0.03,0.98,
Pr0mise,,11.0,0.08,22.47,,0.31,0.98,
gafolo,,123.0,0.01,22.92,,0.03,0.98,
byr9,,14.0,0.07,20.18,,0.25,0.98,
SeRCEra,,56.0,0.02,23.01,,0.06,0.98,
ariucle,,68.0,0.01,23.74,,0.05,0.98,
Kras,,71.0,0.01,24.63,,0.05,0.98,
gooddeph,,128.0,0.01,22.12,,0.03,0.98,
skrr,,50.0,0.02,22.65,,0.07,0.98,
NBK-,,62.0,0.01,24.14,,0.06,0.98,
DeDe,,9.0,0.1,21.99,,0.39,0.98,
dukefissura,,112.0,0.01,23.58,,0.03,0.98,
Perfecto,,9.0,0.1,25.25,,0.41,0.98,
r1pa4,,52.0,0.02,26.13,,0.07,0.98,
tatazin,,82.0,0.01,22.97,,0.04,0.98,
Efire,,105.0,0.01,22.4,,0.03,0.98,
SBolt,,8.0,0.12,21.53,,0.44,0.98,
zont1x,,70.0,0.01,21.11,,0.05,0.98,
cerber,,148.0,0.01,23.04,,0.02,0.98,
Extinct,,129.0,0.01,23.75,,0.03,0.98,
hfah,,113.0,0.01,23.26,,0.03,0.98,
keis,,9.0,0.1,25.45,,0.41,0.98,
NaY,,7.0,0.11,27.83,,0.51,0.98,
lyoli,,18.0,0.05,22.81,,0.2,0.98,
SPine,,66.0,0.01,24.87,,0.06,0.98,
s1zzi,,97.0,0.01,21.31,,0.04,0.98,
corn,,78.0,0.01,22.24,,0.05,0.98,
fostar,,55.0,0.02,23.82,,0.07,0.98,
qx,,113.0,0.01,24.95,,0.03,0.98,
Jolts,,30.0,0.03,25.21,,0.12,0.98,
max,,147.0,0.01,23.14,,0.02,0.98,
HAMBOOGA,,43.0,0.02,25.42,,0.09,0.98,
blazekiNho,,36.0,0.02,23.1,,0.09,0.98,
hut,,10.0,0.1,22.78,,0.37,0.98,
kinqie,,126.0,0.01,24.15,,0.03,0.98,
broky,,84.0,0.01,20.33,,0.04,0.98,
Kamui,,55.0,0.02,25.2,,0.07,0.98,
torox,,47.0,0.02,23.15,,0.08,0.98,
CoachParnell,,5.0,0.2,22.83,,0.76,0.98,
sad,,31.0,0.03,22.01,,0.11,0.98,
M1n1maL,,11.0,0.08,24.78,,0.34,0.98,
Qikert,,62.0,0.02,23.14,,0.06,0.98,
JuN1,,11.0,0.08,22.03,,0.31,0.98,
desh,,17.0,0.06,20.55,,0.21,0.98,
arT,,95.0,0.01,23.51,,0.04,0.98,
Dy4ka,,29.0,0.03,22.7,,0.12,0.98,
n0tice,,6.0,0.14,22.29,,0.52,0.98,
FaNg,,40.0,0.02,23.02,,0.09,0.97,
doto,,51.0,0.02,25.06,,0.07,0.97,
VireZ,,26.0,0.04,21.4,,0.14,0.97,
patootik,,6.0,0.16,24.92,,0.66,0.97,
IZR,,6.0,0.14,24.61,,0.58,0.97,
TMB,,134.0,0.01,24.49,,0.03,0.97,
HZI,,45.0,0.02,23.74,,0.08,0.97,
Springgy,,5.0,0.16,22.31,,0.58,0.97,
levantino,,40.0,0.02,23.21,,0.09,0.97,
Kragh,,24.0,0.04,24.25,,0.15,0.97,
v1le,,5.0,0.17,22.09,,0.64,0.97,
Puteli,,34.0,0.03,23.78,,0.11,0.97,
puuha,,119.0,0.01,23.61,,0.03,0.97,
KENSI,,32.0,0.03,21.12,,0.11,0.97,
ynrii,,15.0,0.07,20.82,,0.23,0.97,
fl1peR,,19.0,0.05,23.83,,0.19,0.97,
Anasasis,,15.0,0.07,23.59,,0.27,0.97,
sakamoto,,101.0,0.01,23.55,,0.03,0.97,
senka,,174.0,0.0,25.59,,0.02,0.97,
choiv7,,20.0,0.04,22.53,,0.16,0.97,
Kungao,,14.0,0.07,24.14,,0.27,0.97,
swayu,,43.0,0.02,22.27,,0.08,0.97,
Mirorr,,11.0,0.08,24.0,,0.33,0.97,
R4N,,16.0,0.06,23.38,,0.24,0.97,
Kiyo,,55.0,0.02,24.33,,0.07,0.97,
mikeri,,18.0,0.05,24.39,,0.19,0.97,
kinyx,,12.0,0.08,23.61,,0.32,0.97,
modeSavage,,56.0,0.02,21.14,,0.06,0.97,
Aaron,,14.0,0.06,26.44,,0.28,0.97,
SLIE9000,,72.0,0.01,22.02,,0.05,0.97,
Cloud Chaser,,12.0,0.07,25.8,,0.3,0.97,
slash,,7.0,0.12,25.21,,0.51,0.97,
N2o,,34.0,0.03,21.26,,0.11,0.97,
AJ,,5.0,0.18,25.68,,0.76,0.97,
MaLLby,,15.0,0.06,22.72,,0.24,0.97,
BAGEL,,53.0,0.02,26.1,,0.07,0.97,
Kair0s,,7.0,0.14,21.43,,0.51,0.97,
sFade8,,117.0,0.01,24.58,,0.03,0.97,
intra,,8.0,0.1,31.1,,0.55,0.97,
JT,,94.0,0.01,24.6,,0.04,0.97,
bodyy,,62.0,0.02,23.06,,0.06,0.97,
tabseN,,115.0,0.01,23.62,,0.03,0.97,
opdust,,186.0,0.0,25.78,,0.02,0.97,
S1kura,,11.0,0.1,19.96,,0.33,0.97,
m0vski,,35.0,0.02,25.27,,0.1,0.97,
nitr0,,87.0,0.01,24.21,,0.04,0.97,
shady,,69.0,0.01,22.9,,0.06,0.97,
snapy,,134.0,0.01,24.49,,0.03,0.97,
meowpop,,199.0,0.0,24.06,,0.02,0.97,
Sunk,,32.0,0.03,21.04,,0.11,0.97,
w0mbat,,10.0,0.09,23.93,,0.36,0.97,
bsd,,77.0,0.01,19.93,,0.04,0.97,
dudinhO,,10.0,0.09,22.92,,0.34,0.97,
ligroo,,57.0,0.02,25.1,,0.07,0.97,
virree,,16.0,0.05,24.07,,0.22,0.97,
R4DYX,,74.0,0.01,21.58,,0.05,0.97,
v1ze,,14.0,0.07,23.55,,0.27,0.97,
AGL,,96.0,0.01,19.39,,0.04,0.97,
imTOXIC,,5.0,0.16,28.05,,0.77,0.97,
dan4o,,175.0,0.0,24.45,,0.02,0.97,
fynchojka,,14.0,0.06,30.56,,0.29,0.97,
icyvl0ne,,42.0,0.02,24.5,,0.08,0.97,
ad0rfin,,12.0,0.07,24.33,,0.3,0.97,
drace,,16.0,0.07,21.37,,0.24,0.97,
ayaka,,5.0,0.16,21.95,,0.6,0.97,
1eeR,,140.0,0.01,24.63,,0.03,0.97,
mda,,5.0,0.18,23.37,,0.7,0.97,
manio,,5.0,0.17,25.06,,0.73,0.96,
hAw,,5.0,0.15,25.68,,0.64,0.96,
space,,55.0,0.02,23.5,,0.07,0.96,
jcobbb,,84.0,0.01,23.72,,0.04,0.96,
bizinha,,29.0,0.03,22.96,,0.12,0.96,
mASKED,,107.0,0.01,24.57,,0.04,0.96,
miwo,,20.0,0.04,22.79,,0.16,0.96,
x1nk1n,,29.0,0.03,25.2,,0.13,0.96,
fello,,13.0,0.07,22.01,,0.27,0.96,
ninjaZ,,30.0,0.03,24.71,,0.12,0.96,
mds,,5.0,0.17,24.1,,0.67,0.96,
PsychoDoctor,,212.0,0.0,23.31,,0.02,0.96,
rafftu,,44.0,0.02,23.9,,0.08,0.96,
yuurih,,97.0,0.01,23.82,,0.04,0.96,
joly,,22.0,0.04,20.46,,0.14,0.96,
The eLiVe,,20.0,0.05,23.01,,0.18,0.96,
Krimbo,,7.0,0.14,21.51,,0.51,0.96,
tripey,,32.0,0.03,26.54,,0.12,0.96,
Jerr1,,78.0,0.01,23.13,,0.05,0.96,
Bukki,,13.0,0.07,25.98,,0.29,0.96,
md262,,19.0,0.05,21.3,,0.16,0.96,
1zz,,43.0,0.02,25.85,,0.09,0.96,
p1ke,,24.0,0.04,24.28,,0.16,0.96,
Jelo,,12.0,0.07,22.92,,0.28,0.96,
gattouz,,5.0,0.15,24.94,,0.64,0.96,
dex,,101.0,0.01,24.21,,0.04,0.96,
Katalic,,17.0,0.05,23.2,,0.2,0.96,
Graviti,,103.0,0.01,23.25,,0.03,0.96,
nota,,100.0,0.01,24.86,,0.04,0.96,
BRACE,,23.0,0.04,25.42,,0.16,0.96,
Maden,,83.0,0.01,24.12,,0.04,0.96,
Schwarzkopf,,22.0,0.05,22.86,,0.18,0.96,
terran,,22.0,0.04,22.63,,0.15,0.96,
mAnGo,,7.0,0.13,22.86,,0.49,0.96,
toasty,,19.0,0.05,22.22,,0.18,0.96,
D1zzyg,,41.0,0.02,21.78,,0.09,0.96,
Reix,,100.0,0.01,24.01,,0.04,0.96,
r1ch,,71.0,0.01,22.45,,0.05,0.96,
DAN9ARMATURA,,75.0,0.01,22.96,,0.05,0.96,
Arielek,,38.0,0.02,21.39,,0.09,0.96,
ERSIN,,75.0,0.01,24.22,,0.05,0.96,
zteeek,,8.0,0.12,22.07,,0.44,0.96,
shyyne,,6.0,0.15,23.08,,0.59,0.96,
miksozzz,,14.0,0.07,21.06,,0.25,0.96,
F1ashgod,,10.0,0.09,24.38,,0.36,0.96,
k1nco,,52.0,0.02,22.21,,0.07,0.96,
nicx,,105.0,0.01,23.71,,0.03,0.96,
t0kk,,6.0,0.18,20.59,,0.61,0.96,
LIN,,9.0,0.1,23.47,,0.39,0.96,
cgk,,21.0,0.04,27.34,,0.19,0.96,
WOOD7,,122.0,0.01,22.2,,0.03,0.96,
HaZ,,16.0,0.05,21.84,,0.2,0.96,
IceBerg,,108.0,0.01,26.76,,0.03,0.96,
cacan,,32.0,0.03,25.58,,0.12,0.96,
rhittacrit,,57.0,0.01,25.96,,0.07,0.96,
mlhzin,,58.0,0.02,23.53,,0.06,0.95,
facecrack,,212.0,0.0,25.45,,0.02,0.95,
N0R1,,5.0,0.18,25.68,,0.76,0.95,
AbbyDog,,18.0,0.05,23.79,,0.2,0.95,
f1rs,,7.0,0.14,15.87,,0.38,0.95,
amanek,,70.0,0.01,24.4,,0.05,0.95,
LkS,,18.0,0.05,24.03,,0.19,0.95,
jkXy,,10.0,0.09,21.7,,0.34,0.95,
K014NZ,,16.0,0.06,25.68,,0.25,0.95,
onic,,108.0,0.01,25.26,,0.03,0.95,
zer0UKY,,40.0,0.03,21.32,,0.09,0.95,
Jayy2s,,45.0,0.02,26.14,,0.08,0.95,
Joker,,12.0,0.08,23.63,,0.3,0.95,
KRAXYT,,10.0,0.09,22.9,,0.36,0.95,
zeak,,26.0,0.03,26.3,,0.15,0.95,
nv1n,,7.0,0.12,25.72,,0.52,0.95,
Gabe,,61.0,0.01,25.86,,0.06,0.95,
upE,,130.0,0.01,23.82,,0.03,0.95,
Sakeazey,,5.0,0.19,23.96,,0.77,0.95,
Roflko,,15.0,0.06,23.87,,0.23,0.95,
swaggy,,10.0,0.09,25.0,,0.37,0.95,
jERK0z,,51.0,0.02,23.9,,0.07,0.95,
leen,,42.0,0.02,23.15,,0.08,0.95,
ryuzen,,32.0,0.03,22.01,,0.11,0.95,
zewts,,75.0,0.01,22.89,,0.05,0.95,
Kizzzi,,40.0,0.02,25.22,,0.09,0.95,
Slaxx,,67.0,0.01,22.8,,0.05,0.95,
D1ngle,,5.0,0.19,21.46,,0.69,0.95,
Burglar,,30.0,0.03,27.79,,0.12,0.95,
yakuza,,17.0,0.05,28.57,,0.26,0.95,
obi,,34.0,0.02,25.01,,0.11,0.95,
SBT,,107.0,0.01,24.88,,0.03,0.95,
b0RUP,,151.0,0.01,24.03,,0.02,0.95,
chudy,,114.0,0.01,25.16,,0.03,0.95,
makaroff,,31.0,0.03,22.77,,0.11,0.95,
prisma,,31.0,0.03,28.35,,0.13,0.95,
BacH,,35.0,0.03,23.83,,0.1,0.95,
Jay,,5.0,0.18,21.76,,0.67,0.95,
Tadpole,,41.0,0.02,25.14,,0.09,0.95,
drg,,113.0,0.01,24.63,,0.03,0.95,
LAKSHERi,,90.0,0.01,24.22,,0.04,0.95,
Brillo,,25.0,0.03,24.0,,0.14,0.95,
S3NSEY,,8.0,0.12,22.17,,0.43,0.95,
wfn,,15.0,0.07,20.5,,0.24,0.95,
RiiL3,,12.0,0.08,20.12,,0.28,0.95,
Chr1zN,,97.0,0.01,24.55,,0.04,0.95,
Nami,,274.0,0.0,24.37,,0.01,0.95,
MadeInRed,,18.0,0.05,22.78,,0.19,0.95,
Di1ka,,13.0,0.07,24.61,,0.29,0.95,
reason,,6.0,0.14,23.7,,0.55,0.95,
tidy,,24.0,0.04,23.44,,0.14,0.95,
meggy,,9.0,0.09,24.33,,0.36,0.95,
rv1den,,39.0,0.03,20.86,,0.09,0.95,
b4rtiN,,11.0,0.08,22.89,,0.29,0.95,
ApeX,,14.0,0.06,21.02,,0.22,0.95,
darkk,,14.0,0.06,25.24,,0.27,0.95,
Techno,,83.0,0.01,24.9,,0.04,0.95,
vzn,,85.0,0.01,23.09,,0.04,0.95,
BELCHONOKK,,100.0,0.01,25.42,,0.04,0.95,
Siko,,49.0,0.02,24.67,,0.07,0.95,
sh1Fu,,24.0,0.04,25.09,,0.15,0.95,
SkulL,,80.0,0.01,25.06,,0.04,0.95,
Salazar,,231.0,0.0,24.82,,0.02,0.95,
Boombl4,,129.0,0.01,24.08,,0.03,0.95,
GEZUU,,11.0,0.08,25.08,,0.33,0.95,
clouda,,9.0,0.09,29.82,,0.44,0.95,
KIRADODO,,25.0,0.03,25.9,,0.15,0.95,
prt,,120.0,0.01,24.37,,0.03,0.94,
hatex,,13.0,0.06,24.63,,0.27,0.94,
fNk,,43.0,0.02,24.65,,0.08,0.94,
Stepa,,67.0,0.01,24.92,,0.05,0.94,
ScreaM,,12.0,0.07,27.0,,0.3,0.94,
Pedrinho2011,,32.0,0.03,23.08,,0.1,0.94,
Patrick,,8.0,0.1,27.13,,0.43,0.94,
As K,,13.0,0.07,24.53,,0.29,0.94,
Bart4k,,93.0,0.01,22.95,,0.04,0.94,
dethera,,11.0,0.08,23.11,,0.3,0.94,
void,,6.0,0.17,20.84,,0.61,0.94,
ay0k,,186.0,0.01,23.59,,0.02,0.94,
LaiKeXu,,42.0,0.02,24.16,,0.09,0.94,
Jackinho,,148.0,0.01,25.39,,0.03,0.94,
biguzera,,89.0,0.01,24.24,,0.04,0.94,
Destro,,11.0,0.08,23.03,,0.31,0.94,
king,,19.0,0.05,21.59,,0.19,0.94,
Xadoxg0d,,15.0,0.05,27.09,,0.24,0.94,
K1-FiDa,,83.0,0.01,22.66,,0.04,0.94,
dennyslaw,,11.0,0.08,22.72,,0.31,0.94,
p5p,,28.0,0.03,24.83,,0.13,0.94,
k1ssly,,147.0,0.01,24.66,,0.02,0.94,
reversive,,69.0,0.01,26.65,,0.05,0.94,
ExToSee,,5.0,0.18,27.25,,0.83,0.94,
imposony,,11.0,0.07,28.42,,0.34,0.94,
SPELLAN,,161.0,0.01,25.56,,0.02,0.94,
Brand,,13.0,0.07,24.0,,0.29,0.94,
rexxie,,28.0,0.03,20.92,,0.12,0.94,
DaciaBlue3,,10.0,0.09,23.82,,0.36,0.94,
k1n,,9.0,0.09,27.64,,0.43,0.94,
Mechanical,,71.0,0.01,26.73,,0.05,0.94,
Mertowsk1,,75.0,0.01,22.56,,0.05,0.94,
Thuister,,96.0,0.01,24.18,,0.04,0.94,
alpha,,102.0,0.01,23.6,,0.03,0.94,
Iceo,,5.0,0.18,25.11,,0.76,0.94,
arvid,,139.0,0.01,25.61,,0.03,0.94,
kyxsan,,57.0,0.01,26.01,,0.07,0.94,
Az0g,,6.0,0.15,23.52,,0.59,0.94,
lugseN,,35.0,0.03,23.93,,0.1,0.94,
Fajr,,11.0,0.08,26.51,,0.34,0.94,
EMSTAR,,107.0,0.01,25.18,,0.03,0.94,
Gizmy,,84.0,0.01,25.5,,0.04,0.94,
airscape,,21.0,0.04,23.44,,0.17,0.94,
twenty3,,59.0,0.01,23.85,,0.06,0.94,
hayanh,,14.0,0.06,22.93,,0.25,0.94,
hyskeee,,27.0,0.03,25.59,,0.14,0.94,
emi,,157.0,0.01,25.59,,0.02,0.94,
hug1,,32.0,0.03,23.26,,0.11,0.94,
antonini,,15.0,0.06,25.54,,0.24,0.94,
bLitz,,83.0,0.01,25.47,,0.04,0.94,
kelieN,,164.0,0.01,25.45,,0.02,0.94,
PederseNN,,5.0,0.16,20.76,,0.55,0.94,
fnbJESUS,,31.0,0.03,23.56,,0.11,0.94,
nopzy,,37.0,0.02,25.22,,0.09,0.93,
datet,,19.0,0.05,24.44,,0.19,0.93,
h0t,,67.0,0.01,20.45,,0.05,0.93,
t9mpest,,10.0,0.08,24.0,,0.34,0.93,
blocker,,10.0,0.08,29.23,,0.38,0.93,
Luffykcs,,7.0,0.12,26.19,,0.53,0.93,
BATSPEED,,8.0,0.11,25.0,,0.45,0.93,
interz,,48.0,0.02,23.18,,0.08,0.93,
p3kko,,70.0,0.01,23.53,,0.05,0.93,
Zoot,,13.0,0.06,26.27,,0.28,0.93,
nikz,,100.0,0.01,24.29,,0.04,0.93,
souv,,65.0,0.01,25.23,,0.06,0.93,
AZUWU,,84.0,0.01,24.64,,0.04,0.93,
f1chper,,16.0,0.06,26.83,,0.25,0.93,
BiNoX,,6.0,0.16,24.19,,0.63,0.93,
micalis,,17.0,0.05,24.65,,0.2,0.93,
fl0m,,11.0,0.07,27.63,,0.32,0.93,
HUckLer,,20.0,0.04,25.3,,0.18,0.93,
tarturb0b,,10.0,0.09,20.74,,0.33,0.93,
rubeN,,46.0,0.02,24.98,,0.08,0.93,
SEXYVOVA,,22.0,0.04,23.31,,0.17,0.93,
JW,,101.0,0.01,23.42,,0.04,0.93,
stanf1x,,6.0,0.14,24.7,,0.57,0.93,
BehinDx,,10.0,0.08,23.51,,0.3,0.93,
Brain47,,34.0,0.03,24.08,,0.11,0.93,
kNgV-,,8.0,0.11,21.04,,0.38,0.93,
fr0k,,42.0,0.02,27.01,,0.08,0.93,
j3nni,,11.0,0.08,24.87,,0.32,0.93,
ChipaaN,,74.0,0.01,23.83,,0.05,0.93,
LETi,,7.0,0.12,23.99,,0.47,0.93,
keiyon,,11.0,0.08,24.21,,0.32,0.93,
h1kaN,,182.0,0.0,25.69,,0.02,0.93,
krazy,,51.0,0.02,23.37,,0.07,0.93,
Bakorino,,16.0,0.05,25.7,,0.22,0.93,
ASTRA,,32.0,0.03,22.65,,0.1,0.93,
AliBond,,11.0,0.08,26.22,,0.34,0.93,
lesswill,,20.0,0.04,24.43,,0.18,0.93,
sasha,,85.0,0.01,26.02,,0.04,0.93,
felps,,84.0,0.01,23.76,,0.04,0.93,
Psycho,,5.0,0.19,21.08,,0.66,0.93,
Emple,,5.0,0.16,23.95,,0.65,0.93,
notorious,,9.0,0.12,20.08,,0.41,0.93,
Mikejio,,16.0,0.05,26.36,,0.22,0.93,
seabraez,,67.0,0.01,25.44,,0.05,0.92,
viridian,,17.0,0.05,23.87,,0.2,0.92,
Msaia,,20.0,0.04,24.34,,0.17,0.92,
xonn1k,,37.0,0.02,24.75,,0.1,0.92,
kodak,,21.0,0.04,23.93,,0.16,0.92,
AZIDOT,,17.0,0.05,24.78,,0.21,0.92,
Kollo,,11.0,0.07,25.06,,0.31,0.92,
fEAR,,114.0,0.01,25.56,,0.03,0.92,
Stormie,,5.0,0.17,24.0,,0.69,0.92,
sh1geo,,33.0,0.02,26.79,,0.11,0.92,
Mellow,,15.0,0.06,28.18,,0.27,0.92,
morganne,,5.0,0.17,26.9,,0.76,0.92,
Tresh,,9.0,0.09,25.49,,0.4,0.92,
MAJ3R,,98.0,0.01,26.15,,0.04,0.92,
protado,,47.0,0.02,26.69,,0.08,0.92,
Arima,,10.0,0.08,23.45,,0.33,0.92,
cobalt,,56.0,0.02,22.51,,0.06,0.92,
Patti,,127.0,0.01,26.78,,0.03,0.92,
NickelBack,,190.0,0.0,26.64,,0.02,0.92,
c0llins,,19.0,0.04,27.73,,0.2,0.92,
klyrO,,8.0,0.12,19.67,,0.4,0.92,
Saber,,5.0,0.19,18.28,,0.57,0.92,
Empera,,23.0,0.04,24.92,,0.16,0.92,
sayN,,20.0,0.04,22.7,,0.17,0.92,
SHiNE,,82.0,0.01,25.34,,0.05,0.92,
Egelund,,16.0,0.06,22.35,,0.22,0.92,
Olga,,9.0,0.09,22.74,,0.36,0.92,
Wonds,,5.0,0.18,24.49,,0.73,0.92,
N4XX1S,,49.0,0.02,26.35,,0.07,0.92,
sirius,,9.0,0.09,27.27,,0.39,0.92,
palenscki,,22.0,0.04,21.66,,0.15,0.92,
fitch,,66.0,0.01,26.27,,0.06,0.92,
whitezins,,17.0,0.05,24.91,,0.2,0.92,
QQLIGHTNING,,37.0,0.02,27.29,,0.1,0.92,
BRK,,39.0,0.02,22.47,,0.09,0.92,
Jester,,18.0,0.05,24.38,,0.19,0.92,
tsug,,115.0,0.01,24.84,,0.03,0.92,
rokilan,,75.0,0.01,25.62,,0.05,0.92,
Mescadi,,13.0,0.07,24.89,,0.29,0.92,
Fawx,,29.0,0.03,25.01,,0.13,0.92,
clockzi,,30.0,0.03,25.33,,0.12,0.92,
starplajerz,,123.0,0.01,25.09,,0.03,0.92,
pavast4r,,45.0,0.02,26.02,,0.08,0.92,
CAJUN,,92.0,0.01,28.68,,0.04,0.92,
m1she4ka,,6.0,0.14,25.68,,0.61,0.92,
Shed0Z,,13.0,0.06,29.04,,0.3,0.92,
sEIS,,13.0,0.07,21.62,,0.25,0.92,
P3R3IIRA,,66.0,0.01,24.28,,0.05,0.92,
TheJelly,,8.0,0.09,27.31,,0.4,0.92,
SultaaN,,10.0,0.09,23.33,,0.34,0.92,
Frøslev,,31.0,0.03,28.95,,0.12,0.92,
Joanana,,15.0,0.06,25.21,,0.25,0.92,
tissue,,6.0,0.15,26.11,,0.66,0.91,
clyd1e,,14.0,0.06,24.54,,0.25,0.91,
1romma,,9.0,0.1,23.96,,0.4,0.91,
RoDfps,,8.0,0.1,25.9,,0.45,0.91,
guizk,,11.0,0.07,24.91,,0.29,0.91,
lUMiER,,20.0,0.05,22.85,,0.18,0.91,
zen,,39.0,0.02,22.5,,0.09,0.91,
KatzRead,,9.0,0.09,25.23,,0.38,0.91,
revoltz,,49.0,0.02,26.14,,0.07,0.91,
Irux,,5.0,0.16,25.12,,0.69,0.91,
qu1ck,,5.0,0.17,24.76,,0.7,0.91,
chirp,,6.0,0.11,30.15,,0.57,0.91,
noleN,,27.0,0.03,27.61,,0.14,0.91,
DALIEN,,15.0,0.06,23.45,,0.23,0.91,
fraga,,23.0,0.04,22.79,,0.14,0.91,
Xydoo,,9.0,0.1,24.6,,0.41,0.91,
FalleN,,97.0,0.01,25.78,,0.04,0.91,
Ariant0,,41.0,0.02,25.59,,0.09,0.91,
Cooper,,8.0,0.11,22.7,,0.42,0.91,
m4tthi,,5.0,0.18,26.74,,0.83,0.91,
tuzon,,5.0,0.16,26.33,,0.7,0.91,
AdaMmMm,,10.0,0.08,31.45,,0.4,0.91,
MaLLiC,,19.0,0.05,25.34,,0.19,0.91,
iBALLY,,16.0,0.05,26.94,,0.25,0.91,
gr1ngoo,,9.0,0.09,21.69,,0.34,0.91,
oNeStLy,,6.0,0.15,23.01,,0.59,0.91,
Majesticzz,,27.0,0.03,25.2,,0.13,0.91,
Tapewaare,,50.0,0.02,26.75,,0.07,0.91,
Damsi,,34.0,0.02,25.89,,0.1,0.91,
boltz,,9.0,0.09,24.12,,0.37,0.91,
w4rden,,21.0,0.04,26.2,,0.17,0.91,
HUGH,,6.0,0.14,23.26,,0.56,0.91,
msN,,5.0,0.16,26.92,,0.71,0.91,
kurosse,,16.0,0.05,24.64,,0.22,0.91,
tory,,59.0,0.01,24.13,,0.06,0.91,
segukawa,,14.0,0.07,23.51,,0.27,0.91,
Vert,,46.0,0.02,25.6,,0.08,0.91,
slize,,6.0,0.15,24.72,,0.62,0.91,
nikito,,7.0,0.1,27.14,,0.46,0.91,
stanislaw,,69.0,0.01,25.56,,0.05,0.91,
mds,,81.0,0.01,25.75,,0.04,0.91,
Stormy,,5.0,0.17,27.44,,0.79,0.91,
hexoq,,80.0,0.01,25.25,,0.05,0.91,
pullox,,18.0,0.04,25.64,,0.19,0.91,
scolleN,,62.0,0.01,24.88,,0.06,0.9,
Antuanette,,16.0,0.05,24.67,,0.19,0.9,
Begyzine,,9.0,0.09,22.48,,0.36,0.9,
rbm,,14.0,0.07,22.12,,0.25,0.9,
LyttleZ,,8.0,0.1,21.27,,0.34,0.9,
Bambosh,,77.0,0.01,26.94,,0.05,0.9,
hey,,10.0,0.09,21.85,,0.34,0.9,
LUKE4k,,20.0,0.04,25.48,,0.18,0.9,
Twinkey,,99.0,0.01,27.53,,0.04,0.9,
tucks,,40.0,0.02,27.22,,0.09,0.9,
zdr,,41.0,0.02,24.81,,0.09,0.9,
s1cko,,12.0,0.07,25.48,,0.31,0.9,
Rivo,,25.0,0.03,24.68,,0.14,0.9,
toto,,90.0,0.01,24.89,,0.04,0.9,
phc,,17.0,0.05,26.33,,0.21,0.9,
duhpe,,12.0,0.07,23.26,,0.28,0.9,
sherman,,9.0,0.09,27.98,,0.43,0.9,
Ayri,,9.0,0.09,27.43,,0.4,0.9,
Jerry,,21.0,0.04,25.7,,0.17,0.9,
SOULM8,,10.0,0.08,25.7,,0.34,0.9,
elem,,48.0,0.02,24.4,,0.07,0.9,
relan,,10.0,0.08,23.78,,0.33,0.9,
lux,,14.0,0.06,26.8,,0.26,0.9,
JiNxZiE,,6.0,0.14,24.28,,0.55,0.9,
shalfey,,20.0,0.04,26.74,,0.19,0.9,
chroma,,6.0,0.14,23.45,,0.56,0.9,
unk,,9.0,0.08,29.96,,0.39,0.9,
extazzy,,27.0,0.03,24.51,,0.13,0.9,
tevsii,,36.0,0.02,24.19,,0.1,0.9,
Val,,20.0,0.04,25.69,,0.17,0.9,
RCF,,50.0,0.02,23.18,,0.07,0.9,
MUTiRiS,,44.0,0.02,26.05,,0.08,0.9,
sqreet,,16.0,0.05,26.49,,0.22,0.9,
Dobo,,9.0,0.09,22.49,,0.35,0.9,
rx,,32.0,0.02,26.17,,0.11,0.9,
oontoma,,9.0,0.09,24.71,,0.39,0.9,
seyl0n,,12.0,0.07,24.9,,0.29,0.9,
aiM,,32.0,0.02,23.79,,0.1,0.9,
julius,,7.0,0.14,21.57,,0.5,0.9,
CutzMeretz,,138.0,0.01,25.83,,0.03,0.9,
sava9e,,60.0,0.01,27.2,,0.06,0.9,
B1NGO,,55.0,0.01,27.02,,0.07,0.9,
pegin,,10.0,0.09,23.33,,0.34,0.9,
lulitenz,,29.0,0.03,26.49,,0.12,0.9,
Bay,,6.0,0.13,28.51,,0.61,0.9,
yeda,,25.0,0.03,26.43,,0.14,0.9,
PKL,,127.0,0.01,24.86,,0.03,0.9,
nowalk,,9.0,0.1,21.86,,0.37,0.9,
arbnorz,,17.0,0.05,28.67,,0.22,0.9,
onder,,8.0,0.1,26.2,,0.46,0.9,
Grimblee,,15.0,0.05,24.2,,0.22,0.9,
slexa,,5.0,0.17,23.86,,0.67,0.89,
kani,,7.0,0.12,27.18,,0.53,0.89,
taidao,,14.0,0.06,27.42,,0.27,0.89,
Lucky,,6.0,0.16,19.61,,0.53,0.89,
R3XY,,11.0,0.07,27.86,,0.33,0.89,
Rain,,52.0,0.02,24.41,,0.06,0.89,
points,,24.0,0.03,24.07,,0.14,0.89,
skept1K,,39.0,0.02,30.36,,0.1,0.89,
vanessa,,29.0,0.03,28.26,,0.13,0.89,
Showk,,13.0,0.06,27.79,,0.29,0.89,
sacred,,10.0,0.09,20.57,,0.3,0.89,
Aleksib,,100.0,0.01,26.4,,0.04,0.89,
sKINEE,,6.0,0.14,25.67,,0.63,0.89,
parad17se,,17.0,0.05,26.32,,0.21,0.89,
AlluM3tt3,,5.0,0.15,30.26,,0.77,0.89,
aVN,,214.0,0.0,25.1,,0.02,0.89,
Freesies,,7.0,0.12,25.47,,0.51,0.89,
brokeN,,85.0,0.01,27.52,,0.04,0.89,
Redka,,23.0,0.03,26.7,,0.15,0.89,
yaankz,,61.0,0.01,27.22,,0.06,0.89,
neo,,30.0,0.03,25.12,,0.11,0.89,
andr1x,,25.0,0.03,24.75,,0.13,0.89,
Levi 3R,,8.0,0.09,25.69,,0.39,0.89,
Laboom,,5.0,0.16,23.41,,0.64,0.89,
Toasty,,20.0,0.04,25.57,,0.17,0.89,
Samppa,,16.0,0.05,25.24,,0.21,0.89,
Naiter,,15.0,0.05,26.75,,0.24,0.89,
kaahSENSEI,,29.0,0.03,23.75,,0.12,0.89,
ADK,,63.0,0.01,24.93,,0.06,0.89,
Snax,,100.0,0.01,26.81,,0.04,0.89,
h0kz,,20.0,0.04,26.39,,0.18,0.89,
ben1337,,52.0,0.01,26.01,,0.06,0.89,
Myggis,,150.0,0.01,27.38,,0.03,0.89,
neiter,,5.0,0.18,24.09,,0.71,0.89,
tatm,,9.0,0.09,22.61,,0.36,0.89,
KLR,,25.0,0.04,22.78,,0.14,0.89,
miles,,8.0,0.09,27.25,,0.41,0.89,
arun,,13.0,0.07,26.7,,0.3,0.89,
GeGo,,18.0,0.05,27.23,,0.21,0.89,
myriad,,6.0,0.13,25.21,,0.56,0.89,
neaLaN,,70.0,0.01,25.45,,0.05,0.89,
ncl,,6.0,0.14,26.9,,0.63,0.89,
kub1x,,5.0,0.14,26.39,,0.64,0.89,
k9ppy,,10.0,0.08,24.76,,0.34,0.89,
zyme,,5.0,0.15,26.32,,0.67,0.89,
kamaz1k,,13.0,0.06,29.93,,0.29,0.89,
Berar,,9.0,0.1,25.6,,0.43,0.89,
Kyojin,,16.0,0.05,23.77,,0.21,0.88,
xenization,,15.0,0.06,25.7,,0.24,0.88,
steel,,23.0,0.04,24.18,,0.14,0.88,
Jbreezy,,27.0,0.03,29.24,,0.14,0.88,
cHeuuuuk,,14.0,0.06,25.4,,0.25,0.88,
D7,,13.0,0.06,24.9,,0.26,0.88,
Obyj,,8.0,0.12,21.13,,0.43,0.88,
Signal,,74.0,0.01,26.24,,0.05,0.88,
ritchiEE,,22.0,0.04,23.05,,0.15,0.88,
Saax,,55.0,0.01,25.76,,0.06,0.88,
darchevile,,54.0,0.02,27.7,,0.07,0.88,
innocent,,147.0,0.01,26.36,,0.03,0.88,
motion,,19.0,0.04,24.04,,0.17,0.88,
Teelz,,6.0,0.13,27.5,,0.62,0.88,
Ltm,,17.0,0.05,24.24,,0.2,0.88,
Mikanix,,33.0,0.02,27.54,,0.11,0.88,
p12,,11.0,0.07,27.04,,0.31,0.88,
dAVE,,40.0,0.02,25.67,,0.09,0.88,
Horsalo,,5.0,0.16,23.7,,0.64,0.88,
biebs,,27.0,0.03,26.83,,0.13,0.88,
TIMhehe,,8.0,0.1,28.01,,0.49,0.88,
ThozoR,,5.0,0.17,20.69,,0.6,0.88,
coxa,,22.0,0.03,27.59,,0.15,0.88,
Noxio,,11.0,0.07,30.14,,0.35,0.88,
gejmzilla,,40.0,0.02,27.52,,0.09,0.88,
Supers,,13.0,0.07,23.16,,0.28,0.88,
Lich,,53.0,0.02,27.4,,0.07,0.88,
ntx,,39.0,0.02,25.17,,0.09,0.88,
stax,,13.0,0.06,26.44,,0.27,0.88,
N1KOLAJ,,15.0,0.06,25.78,,0.24,0.88,
AMC,,24.0,0.04,22.85,,0.14,0.88,
welnic,,5.0,0.15,30.54,,0.76,0.88,
Maison,,149.0,0.01,26.19,,0.02,0.88,
denz,,7.0,0.1,29.55,,0.52,0.88,
ElephanT,,34.0,0.02,23.85,,0.1,0.88,
Proper,,7.0,0.12,24.78,,0.49,0.88,
Wh1t6zZ,,9.0,0.09,26.95,,0.4,0.88,
hyza,,11.0,0.08,25.3,,0.32,0.88,
Snappi,,91.0,0.01,27.05,,0.04,0.88,
Waldee,,12.0,0.06,26.49,,0.25,0.88,
Cizzx,,40.0,0.02,27.23,,0.09,0.88,
Bhavi,,22.0,0.04,29.72,,0.18,0.88,
OwensinhoM,,9.0,0.09,22.48,,0.36,0.88,
chucker,,23.0,0.04,27.49,,0.17,0.88,
moz,,12.0,0.06,29.97,,0.3,0.88,
T0rby,,6.0,0.15,22.53,,0.57,0.88,
birdfromsky,,155.0,0.01,27.5,,0.02,0.87,
ssixpath,,8.0,0.1,23.38,,0.38,0.87,
tier0 s,,11.0,0.07,25.84,,0.3,0.87,
forzenok,,9.0,0.09,29.02,,0.43,0.87,
no1nx,,53.0,0.02,27.72,,0.07,0.87,
zuzu,,41.0,0.02,25.19,,0.08,0.87,
guizo,,17.0,0.05,24.78,,0.2,0.87,
ri0dayungog,,11.0,0.07,25.7,,0.32,0.87,
siuhy,,81.0,0.01,28.35,,0.05,0.87,
OCEANA,,62.0,0.01,28.62,,0.06,0.87,
Jyo,,89.0,0.01,25.37,,0.04,0.87,
Mané,,55.0,0.01,28.95,,0.07,0.87,
spike,,18.0,0.04,29.88,,0.21,0.87,
arush,,5.0,0.18,18.68,,0.57,0.87,
yab0ku,,93.0,0.01,28.45,,0.04,0.87,
Madam,,18.0,0.04,25.97,,0.19,0.87,
Ed1m,,75.0,0.01,26.04,,0.05,0.87,
macke,,21.0,0.04,28.38,,0.17,0.87,
AiyvaN,,19.0,0.04,26.58,,0.19,0.87,
La1roN,,9.0,0.09,30.16,,0.43,0.87,
blaze,,29.0,0.03,27.76,,0.12,0.87,
zirex,,5.0,0.13,30.0,,0.67,0.87,
phx,,24.0,0.03,26.15,,0.15,0.87,
Gashhhi4,,5.0,0.17,29.89,,0.87,0.87,
gabs,,29.0,0.03,27.55,,0.12,0.87,
seilysh,,15.0,0.05,25.82,,0.23,0.87,
Geni,,16.0,0.04,28.13,,0.21,0.87,
SYDOX,,28.0,0.03,29.04,,0.13,0.87,
Sprayy,,62.0,0.01,25.42,,0.06,0.87,
plushax,,18.0,0.05,26.75,,0.2,0.87,
snow,,34.0,0.02,25.65,,0.1,0.87,
Emmsan,,32.0,0.02,26.43,,0.1,0.87,
RamBLBi,,11.0,0.07,24.25,,0.3,0.87,
Fitzy,,16.0,0.04,26.76,,0.2,0.87,
nython,,137.0,0.01,25.31,,0.03,0.87,
PeTeRoOo,,48.0,0.02,28.32,,0.08,0.87,
aragornN,,44.0,0.02,27.79,,0.08,0.87,
Tineu,,31.0,0.03,24.41,,0.11,0.86,
Oath,,21.0,0.04,24.86,,0.16,0.86,
berzerk,,5.0,0.16,25.32,,0.67,0.86,
frakenzor,,22.0,0.03,24.55,,0.14,0.86,
Gibsand,,9.0,0.08,24.89,,0.35,0.86,
raiNyyy,,14.0,0.06,25.27,,0.24,0.86,
brz,,5.0,0.15,28.0,,0.71,0.86,
doobs,,82.0,0.01,28.17,,0.04,0.86,
Alex AJ,,7.0,0.13,23.97,,0.53,0.86,
Kingway0,,13.0,0.07,25.98,,0.29,0.86,
camille,,35.0,0.02,26.05,,0.09,0.86,
ItzMqss,,8.0,0.08,26.7,,0.37,0.86,
yaNgile,,8.0,0.1,29.93,,0.48,0.86,
robiin,,122.0,0.01,28.08,,0.03,0.86,
fer,,8.0,0.09,26.83,,0.42,0.86,
rafa,,11.0,0.08,22.78,,0.31,0.86,
Oczarka,,6.0,0.13,28.48,,0.63,0.86,
Heroic,,6.0,0.13,24.79,,0.56,0.86,
adam,,17.0,0.04,28.57,,0.21,0.86,
NEKIZ,,71.0,0.01,28.11,,0.05,0.86,
luffy,,11.0,0.07,29.38,,0.33,0.86,
newhope,,16.0,0.04,31.08,,0.24,0.86,
discplex,,64.0,0.01,27.74,,0.06,0.86,
tutehen,,85.0,0.01,27.12,,0.04,0.86,
Pluto,,19.0,0.04,24.29,,0.18,0.86,
KEEMBO,,26.0,0.03,28.74,,0.14,0.86,
M1KA,,67.0,0.01,25.77,,0.05,0.86,
fleav,,12.0,0.06,26.67,,0.28,0.86,
indoubt,,11.0,0.07,24.55,,0.3,0.85,
julih,,7.0,0.1,28.16,,0.47,0.85,
kriips,,8.0,0.1,26.05,,0.45,0.85,
Attacker,,8.0,0.09,29.51,,0.45,0.85,
pxsl,,44.0,0.02,24.4,,0.08,0.85,
emili0,,16.0,0.05,26.36,,0.22,0.85,
Bustahh,,6.0,0.12,28.41,,0.56,0.85,
DreamSky,,12.0,0.06,28.14,,0.3,0.85,
Hagmeister,,12.0,0.06,29.53,,0.28,0.85,
yoom,,22.0,0.04,26.69,,0.16,0.85,
card,,44.0,0.02,23.56,,0.08,0.85,
louie,,40.0,0.02,26.65,,0.09,0.85,
KapiV,,16.0,0.05,24.61,,0.21,0.85,
twigs,,50.0,0.02,29.5,,0.08,0.85,
Ayteel,,15.0,0.05,29.26,,0.24,0.85,
lunAtic,,18.0,0.04,28.06,,0.2,0.85,
Akward,,19.0,0.04,27.21,,0.17,0.85,
Dund3r,,5.0,0.13,24.69,,0.53,0.85,
spargo,,11.0,0.08,25.27,,0.33,0.85,
HooXi,,98.0,0.01,27.01,,0.04,0.85,
muffin,,16.0,0.05,22.35,,0.2,0.85,
Trucklover86,,11.0,0.07,26.25,,0.32,0.85,
keni,,14.0,0.05,28.57,,0.23,0.85,
magichien,,5.0,0.15,29.87,,0.77,0.85,
Tsogoo,,6.0,0.14,27.23,,0.63,0.85,
raven,,9.0,0.08,29.09,,0.41,0.85,
sosya,,32.0,0.02,27.19,,0.1,0.85,
SayYouWill,,18.0,0.04,25.79,,0.18,0.85,
uCr0,,8.0,0.08,32.27,,0.45,0.85,
kyrosawa,,7.0,0.11,28.77,,0.51,0.85,
AVA174,,30.0,0.02,30.45,,0.12,0.85,
wiktor,,5.0,0.14,28.7,,0.67,0.85,
7ckingsam,,13.0,0.06,29.41,,0.3,0.85,
poppins,,9.0,0.08,28.01,,0.36,0.84,
akasay,,22.0,0.03,25.96,,0.15,0.84,
futoi,,12.0,0.07,24.17,,0.27,0.84,
mynio,,115.0,0.01,30.17,,0.03,0.84,
Yoghi,,133.0,0.01,28.38,,0.03,0.84,
farg,,5.0,0.15,32.63,,0.83,0.84,
Ivoli,,5.0,0.15,24.66,,0.6,0.84,
MJB,,8.0,0.09,33.93,,0.5,0.84,
W1nter1ove,,10.0,0.08,25.53,,0.36,0.84,
StRoGo,,141.0,0.01,28.43,,0.03,0.84,
skizzyee,,25.0,0.03,27.51,,0.13,0.84,
Aunkere,,21.0,0.04,28.07,,0.17,0.84,
shin,,20.0,0.04,29.45,,0.18,0.84,
ParkRa1n,,5.0,0.13,26.67,,0.59,0.84,
Stx,,39.0,0.02,31.28,,0.1,0.84,
J0nneW,,16.0,0.05,26.25,,0.21,0.84,
Lene,,16.0,0.05,24.31,,0.21,0.84,
ZapR,,19.0,0.04,27.97,,0.17,0.84,
blendy,,9.0,0.09,23.95,,0.34,0.84,
NIGHT666LADE,,11.0,0.08,22.13,,0.31,0.84,
wonsz,,6.0,0.12,25.69,,0.52,0.84,
akiyanora,,5.0,0.15,24.32,,0.6,0.84,
badran,,21.0,0.04,25.93,,0.16,0.84,
El3ktron,,6.0,0.12,29.0,,0.59,0.84,
yoi,,16.0,0.05,29.92,,0.24,0.83,
Galact,,7.0,0.1,25.05,,0.44,0.83,
Rulik,,6.0,0.14,25.0,,0.57,0.83,
afufu,,24.0,0.03,26.43,,0.15,0.83,
BulleT,,19.0,0.04,30.9,,0.19,0.83,
artie,,9.0,0.09,28.43,,0.41,0.83,
FELSADIA,,11.0,0.07,29.09,,0.33,0.83,
karrigan,,86.0,0.01,29.71,,0.04,0.83,
maxy0y0,,15.0,0.05,26.49,,0.22,0.83,
Dunn,,16.0,0.05,29.14,,0.24,0.83,
Cr1a,,13.0,0.06,25.83,,0.26,0.83,
alwayz,,31.0,0.02,27.01,,0.11,0.83,
milteg,,7.0,0.11,31.43,,0.57,0.83,
BARRAGE,,7.0,0.12,22.58,,0.44,0.83,
AhMa,,5.0,0.15,27.57,,0.69,0.83,
yungher,,9.0,0.09,23.57,,0.36,0.83,
vanilla,,22.0,0.03,25.88,,0.15,0.83,
Daiyuking,,5.0,0.12,29.83,,0.59,0.83,
Galaxy,,7.0,0.11,23.45,,0.44,0.83,
Shalnark,,9.0,0.08,26.33,,0.36,0.83,
EgorMercedes,,22.0,0.03,24.55,,0.14,0.83,
Kat,,59.0,0.01,26.71,,0.06,0.83,
neskk,,31.0,0.02,28.94,,0.11,0.83,
stattik,,5.0,0.14,25.0,,0.57,0.83,
matusik,,13.0,0.07,23.52,,0.26,0.83,
maik,,15.0,0.05,31.93,,0.25,0.83,
Emy,,29.0,0.02,30.65,,0.13,0.83,
Half,,9.0,0.08,27.12,,0.34,0.83,
actava,,10.0,0.07,29.1,,0.33,0.83,
Serendipity,,39.0,0.02,30.85,,0.1,0.83,
Byfield,,5.0,0.16,22.93,,0.63,0.83,
t0mmyyy,,6.0,0.12,33.34,,0.66,0.83,
Nolv1n,,8.0,0.09,28.08,,0.43,0.83,
Noktse,,41.0,0.02,29.3,,0.09,0.82,
ra1n,,7.0,0.12,25.05,,0.49,0.82,
Kame,,14.0,0.05,26.9,,0.24,0.82,
mb1w,,5.0,0.14,26.47,,0.6,0.82,
Xywzz,,5.0,0.14,22.78,,0.55,0.82,
EmbeR,,11.0,0.07,30.49,,0.37,0.82,
Lynch,,10.0,0.07,27.57,,0.32,0.82,
ilssuN,,6.0,0.12,28.01,,0.56,0.82,
msn,,9.0,0.08,29.92,,0.42,0.82,
satsu,,5.0,0.14,26.76,,0.64,0.82,
HenX,,18.0,0.04,27.71,,0.19,0.82,
Aapestt,,8.0,0.09,29.93,,0.45,0.82,
LapaSSS,,5.0,0.16,26.15,,0.69,0.82,
rosoneriii,,8.0,0.09,26.86,,0.42,0.82,
izaa,,29.0,0.02,31.3,,0.12,0.82,
Thom,,11.0,0.06,28.55,,0.31,0.82,
Hanka,,30.0,0.02,27.18,,0.11,0.82,
fatguy,,19.0,0.04,29.01,,0.18,0.82,
Meechu,,5.0,0.14,24.57,,0.58,0.82,
Matz,,73.0,0.01,29.62,,0.05,0.82,
Monkey D Julie,,30.0,0.02,29.35,,0.12,0.81,
LEARSI,,8.0,0.09,35.78,,0.55,0.81,
agt,,71.0,0.01,30.03,,0.05,0.81,
flawly,,9.0,0.1,25.2,,0.4,0.81,
PinheadLarry,,7.0,0.11,22.86,,0.44,0.81,
HenkkyG,,6.0,0.12,25.0,,0.52,0.81,
zame,,19.0,0.04,28.38,,0.17,0.81,
Baiter,,7.0,0.1,31.23,,0.52,0.81,
karl,,6.0,0.12,30.52,,0.61,0.81,
k6rdon,,10.0,0.07,27.08,,0.33,0.81,
wallz1k,,22.0,0.04,25.99,,0.15,0.81,
melty,,56.0,0.01,27.49,,0.07,0.81,
Vopsick,,7.0,0.1,26.42,,0.46,0.81,
boke,,16.0,0.04,31.17,,0.24,0.81,
bavar1n,,34.0,0.02,29.25,,0.1,0.81,
Sathsea,,15.0,0.05,25.85,,0.21,0.81,
pxi,,5.0,0.15,29.74,,0.76,0.81,
Ann4,,18.0,0.04,26.32,,0.19,0.81,
GA1De,,6.0,0.11,30.88,,0.59,0.81,
imyGDx,,12.0,0.06,27.86,,0.3,0.81,
Diesen,,13.0,0.06,33.12,,0.31,0.81,
fearfox,,8.0,0.1,29.75,,0.49,0.81,
devoduvek,,26.0,0.03,30.49,,0.14,0.81,
BlocH,,10.0,0.07,27.57,,0.32,0.81,
Mad,,5.0,0.16,26.41,,0.69,0.8,
Kristou,,5.0,0.14,28.61,,0.69,0.8,
castrz,,25.0,0.03,28.55,,0.14,0.8,
quix,,149.0,0.0,31.33,,0.02,0.8,
Molly,,6.0,0.12,28.32,,0.58,0.8,
caravaggio,,5.0,0.15,25.75,,0.63,0.8,
iseeurtears,,7.0,0.09,25.86,,0.39,0.8,
Rip,,8.0,0.09,29.51,,0.45,0.8,
kyoto666,,17.0,0.04,26.74,,0.18,0.8,
karas,,8.0,0.08,32.09,,0.45,0.8,
colin,,44.0,0.02,27.53,,0.08,0.8,
Avou,,142.0,0.0,33.92,,0.03,0.8,
superflik,,10.0,0.07,27.97,,0.32,0.8,
Harbor,,28.0,0.02,29.29,,0.12,0.8,
epik,,14.0,0.06,26.04,,0.25,0.8,
shinobi,,8.0,0.09,29.93,,0.45,0.8,
AsI0K,,72.0,0.01,29.79,,0.05,0.8,
ptr,,6.0,0.12,39.38,,0.76,0.8,
guishorro,,5.0,0.14,29.28,,0.68,0.79,
puni,,29.0,0.02,28.84,,0.12,0.79,
Tiski,,10.0,0.07,26.53,,0.32,0.79,
uali,,6.0,0.11,35.33,,0.66,0.79,
Labreenc,,38.0,0.02,27.75,,0.09,0.79,
Kezza,,35.0,0.02,29.61,,0.09,0.79,
duggy,,5.0,0.15,26.93,,0.68,0.79,
xnkka,,5.0,0.16,28.46,,0.75,0.79,
nerri,,5.0,0.12,30.82,,0.63,0.79,
samee,,5.0,0.15,25.97,,0.67,0.79,
smiley,,5.0,0.14,29.57,,0.69,0.79,
stesso,,10.0,0.07,26.62,,0.3,0.79,
talkzyn,,9.0,0.08,29.88,,0.41,0.78,
KUN,,9.0,0.07,30.61,,0.35,0.78,
Chinokun,,5.0,0.15,29.07,,0.73,0.78,
Tylert69,,5.0,0.13,37.27,,0.83,0.78,
No1r,,5.0,0.15,27.12,,0.67,0.78,
niki1,,10.0,0.07,33.04,,0.38,0.78,
Stoynes,,9.0,0.08,33.64,,0.45,0.78,
doltn,,11.0,0.06,30.98,,0.31,0.78,
tronic,,5.0,0.14,36.11,,0.87,0.78,
Z1noz,,10.0,0.06,32.17,,0.32,0.78,
versa,,11.0,0.06,33.57,,0.33,0.78,
P4nc4ke,,8.0,0.08,32.76,,0.45,0.78,
zAAz,,10.0,0.07,29.4,,0.33,0.78,
k1leT,,6.0,0.12,30.68,,0.59,0.78,
Kuma,,10.0,0.07,29.86,,0.35,0.78,
FOKUSSS,,9.0,0.07,33.17,,0.41,0.77,
BabyRage,,11.0,0.06,27.42,,0.26,0.77,
pr01,,9.0,0.08,25.97,,0.34,0.77,
SecretAgent,,12.0,0.06,31.07,,0.3,0.77,
SUPAHSAYA,,7.0,0.09,32.47,,0.51,0.77,
rox,,5.0,0.15,26.93,,0.68,0.77,
Jachro,,19.0,0.03,32.14,,0.18,0.77,
Dani,,9.0,0.08,28.43,,0.36,0.77,
floyd,,11.0,0.06,36.08,,0.35,0.77,
Perpetuo,,7.0,0.09,30.16,,0.46,0.77,
cheeseball,,6.0,0.11,32.32,,0.6,0.77,
peqexino,,15.0,0.04,30.55,,0.23,0.77,
GaBi,,9.0,0.08,25.77,,0.36,0.77,
godkU,,11.0,0.06,33.16,,0.34,0.77,
rev,,7.0,0.1,31.88,,0.53,0.77,
wastzera,,12.0,0.06,27.21,,0.26,0.77,
Ruy2k,,5.0,0.15,24.66,,0.6,0.77,
Nivek1ng,,7.0,0.09,28.14,,0.44,0.76,
chrizm,,8.0,0.08,27.94,,0.4,0.76,
Kossu72,,9.0,0.07,32.67,,0.4,0.76,
str0ngl,,6.0,0.1,33.05,,0.56,0.76,
NoVa,,5.0,0.14,28.33,,0.69,0.76,
vtnn,,12.0,0.06,28.1,,0.26,0.76,
zockie,,16.0,0.04,28.46,,0.19,0.76,
Nem1za,,7.0,0.09,31.34,,0.47,0.76,
k4zmo,,15.0,0.05,29.54,,0.24,0.76,
Snoob,,11.0,0.07,27.52,,0.31,0.76,
TeXaSs,,10.0,0.07,25.51,,0.3,0.76,
L1nkero,,13.0,0.05,33.64,,0.29,0.76,
Rigi,,9.0,0.07,29.57,,0.36,0.76,
Kos,,7.0,0.1,23.45,,0.38,0.76,
rayqu4za,,5.0,0.13,29.84,,0.63,0.76,
red1many,,11.0,0.06,29.54,,0.31,0.76,
REL,,18.0,0.04,31.94,,0.2,0.75,
rain,,6.0,0.11,33.09,,0.63,0.75,
zBanss,,5.0,0.11,30.71,,0.58,0.75,
sanc,,9.0,0.08,30.4,,0.39,0.75,
zy,,8.0,0.08,29.67,,0.42,0.75,
Fezera,,5.0,0.13,33.02,,0.7,0.75,
heis999,,31.0,0.02,32.31,,0.11,0.75,
aaronsfury,,5.0,0.14,29.57,,0.69,0.75,
davd,,5.0,0.13,30.48,,0.64,0.75,
Zhenn,,5.0,0.14,30.0,,0.69,0.75,
Slayerhz,,16.0,0.04,27.61,,0.19,0.75,
cz1k4,,7.0,0.1,32.35,,0.53,0.75,
rosen,,18.0,0.04,29.32,,0.19,0.74,
Toshas,,5.0,0.12,32.41,,0.63,0.74,
LOOOOKATMEEE,,7.0,0.09,24.17,,0.38,0.74,
Hattivatti,,5.0,0.13,31.38,,0.69,0.74,
n0page,,7.0,0.08,37.93,,0.53,0.74,
zeking,,8.0,0.07,32.46,,0.39,0.74,
vanilla,,7.0,0.1,28.99,,0.49,0.74,
retchy,,8.0,0.08,34.52,,0.46,0.74,
lunari,,10.0,0.06,27.94,,0.3,0.74,
Damkilde,,7.0,0.1,28.57,,0.47,0.74,
coolio,,5.0,0.12,36.0,,0.73,0.74,
web sun,,19.0,0.04,32.52,,0.19,0.74,
puigzin,,5.0,0.13,30.0,,0.64,0.74,
tamir,,6.0,0.11,30.85,,0.58,0.74,
spamzzy,,26.0,0.03,26.99,,0.12,0.73,
mira,,5.0,0.13,28.66,,0.64,0.73,
Norhis,,7.0,0.09,24.94,,0.38,0.73,
jEROMEE,,8.0,0.08,29.88,,0.4,0.73,
aloneintokyo,,15.0,0.05,32.96,,0.26,0.73,
HAKAIII8,,5.0,0.14,29.01,,0.69,0.73,
jackast,,5.0,0.14,27.94,,0.64,0.73,
flush,,17.0,0.04,30.95,,0.2,0.72,
miLo,,8.0,0.08,28.57,,0.38,0.72,
GdA,,22.0,0.03,33.57,,0.15,0.72,
otEB,,18.0,0.04,27.94,,0.18,0.72,
JSP,,5.0,0.12,32.9,,0.69,0.72,
youngswag,,9.0,0.07,29.57,,0.36,0.71,
ciordalesss,,8.0,0.07,34.91,,0.39,0.71,
KAOS,,10.0,0.06,35.34,,0.34,0.71,
tw1nkl3,,6.0,0.1,29.45,,0.49,0.71,
gag,,5.0,0.11,37.14,,0.7,0.71,
FearlessBeatle,,5.0,0.11,36.73,,0.68,0.71,
amyb,,8.0,0.08,26.7,,0.37,0.71,
PaPaDoxie,,7.0,0.09,30.42,,0.45,0.71,
Valtr1x,,5.0,0.12,28.71,,0.6,0.7,
TABEN,,11.0,0.06,32.32,,0.31,0.7,
NICKHALDEN,,5.0,0.11,33.68,,0.64,0.7,
botirshoT,,6.0,0.09,35.76,,0.55,0.7,
ianzin,,10.0,0.05,42.5,,0.37,0.7,
frog,,10.0,0.06,30.48,,0.32,0.69,
BaN4na,,8.0,0.08,31.94,,0.42,0.69,
mathiaski,,7.0,0.08,38.43,,0.53,0.69,
nursSSS,,9.0,0.06,40.13,,0.4,0.69,
Finui,,10.0,0.06,31.64,,0.32,0.69,
Maiko,,7.0,0.08,38.44,,0.51,0.69,
d3j4vy,,11.0,0.05,35.9,,0.32,0.68,
shrr,,7.0,0.08,33.98,,0.47,0.68,
Snaxieee,,8.0,0.08,31.06,,0.42,0.68,
fp1,,10.0,0.06,34.0,,0.34,0.68,
c0ldhurt,,5.0,0.14,33.24,,0.79,0.68,
neyney,,5.0,0.12,26.78,,0.53,0.68,
Zccxd,,5.0,0.15,28.22,,0.69,0.67,
Puppy,,7.0,0.09,24.55,,0.38,0.67,
R3ZLOO,,5.0,0.11,35.85,,0.64,0.67,
Bogdan,,5.0,0.11,44.91,,0.8,0.66,
Zaha,,8.0,0.07,31.9,,0.39,0.66,
Ca1l,,5.0,0.09,37.45,,0.59,0.66,
marie,,26.0,0.02,36.23,,0.13,0.66,
Qweall,,5.0,0.13,29.54,,0.64,0.65,
ScrunK,,7.0,0.06,45.71,,0.49,0.65,
ronin,,5.0,0.1,34.4,,0.58,0.65,
yarned,,7.0,0.08,30.74,,0.39,0.64,
CLUTCHER,,7.0,0.08,31.82,,0.44,0.64,
gadfly,,10.0,0.05,37.45,,0.3,0.64,
segalla,,8.0,0.06,31.5,,0.34,0.64,
GThug,,8.0,0.06,41.84,,0.43,0.64,
Electrician,,10.0,0.06,31.5,,0.32,0.64,
Dissolveeee,,7.0,0.08,28.09,,0.39,0.63,
kickdown,,8.0,0.07,31.36,,0.39,0.63,
shoma,,13.0,0.04,35.53,,0.25,0.63,
kWAUR,,5.0,0.11,33.96,,0.6,0.63,
kevin,,10.0,0.05,36.67,,0.3,0.62,
Shoey,,7.0,0.07,35.87,,0.4,0.62,
REGIANE,,8.0,0.06,35.61,,0.34,0.61,
lmbt,,11.0,0.04,44.64,,0.31,0.59,
kenny,,5.0,0.11,36.43,,0.69,0.58,
R3x,,5.0,0.11,33.21,,0.59,0.58,
dumz,,5.0,0.09,34.35,,0.53,0.58,
flowaN,,8.0,0.06,40.0,,0.38,0.57,
hAmsi,,5.0,0.1,30.98,,0.53,0.57,
Notjuanjo,,11.0,0.04,36.17,,0.26,0.57,
Borsty,,7.0,0.07,36.02,,0.4,0.56,
Eleven,,8.0,0.05,38.09,,0.34,0.55,
Siljeeeh,,12.0,0.04,39.44,,0.25,0.54,
lyo,,5.0,0.09,49.77,,0.72,0.54,
fks,,8.0,0.05,43.29,,0.37,0.51,
blamz,,5.0,0.07,44.32,,0.55,0.51,
KiMBARREiROS,,5.0,0.08,46.15,,0.6,0.51,
BENDJI,,5.0,0.08,37.62,,0.53,0.5,
APMArEggOH,,7.0,0.06,38.79,,0.39,0.5,
gleerup,,5.0,0.08,43.16,,0.55,0.42,
waveigl,,8.0,0.03,77.17,,0.37,0.38,
